row,status,family,peated_bottle_id,title_en,title_ja,brand,distillers,bottler,series,name,edition,category,statedAge,noAgeStatement,abv,singleCask,caskStrength,naturalColor,nonChillFiltered,maltPhenolPpm,vintageYear,bottlingYear,releaseYear,releaseMonth,releaseDay,maturation,caskNumber,outturn,market,sizes,evidence_url,evidence_note,image_source_url,image_license,notes
1,created,Core range,B57458,KANOSUKE SINGLE MALT,嘉之助シングルモルト,Kanosuke (E1097),Kanosuke (E1097),,,Single Malt,,single_malt,,true,48,false,,,true,,,,2023,1,18,"Key malt matured in re-charred American white oak ex-shochu (Mellowed Kozuru) casks, vatted with ex-sherry, ex-bourbon and red wine casks",,,"Japan; US from Aug 2024; UK, France, Germany 2024; JAL in-flight","700ml; 200ml (Lawson, from 2026-04-28)",https://kanosuke.com/products/single-malt-kanosuke-700,"Producer page: 48%, 700ml, DETAIL block (NCF). Release date 2023-01-18 from en.jpwhisky.net/new-kanosuke-2-22904/ and whiskymag.com (January 2023).",https://kanosuke.com/en/products/single-malt-kanosuke-en,kanosuke.com: (c) KANOSUKE; no reuse licence published; identity evidence only,Marketed as SINGLE MALT KANOSUKE (2023 label) and KANOSUKE SINGLE MALT (2025 site). Old export label 'Kanosuke Single Malt Japanese Whisky'. 200ml mini and JAL Limited Edition package are the same Bottle.
2,created,Core range,B57459,KANOSUKE HIOKI POT STILL,嘉之助 HIOKI POT STILL,Kanosuke (E1097),Hioki Distillery (E367028),,,Hioki Pot Still,,single_pot_still,,true,51,false,,,true,,,,2023,12,1,New American white oak casks and ex-bourbon barrels,,,Japan; US Aug 2024; UK,700ml,https://kanosuke.com/blogs/news/23-11-29,"Producer news: release 2023-12-01, 51%, 700ml. Spirit distilled at Komasa's Hioki Distillery from malted and unmalted barley in stainless pot stills; matured at Kanosuke.",https://kanosuke.com/en/products/kanosuke-hioki-pot-still-en,kanosuke.com: (c) KANOSUKE; no reuse licence published; identity evidence only,"Category single_pot_still per the /about/categories baseline (pot stills, malted and unmalted barley). Identity model rule 6: distiller is the named site Hioki Distillery (new Entity), Brand stays Kanosuke."
3,created,Core range,B57460,KANOSUKE DOUBLE DISTILLERY,嘉之助 DOUBLE DISTILLERY,Kanosuke (E1097),Kanosuke (E1097); Hioki Distillery (E367028),,,Double Distillery,,blend,,true,53,false,,,true,,,,2024,4,9,"Re-charred ex-shochu casks, new American white oak casks, ex-bourbon barrels and others; Kanosuke single malt blended with Hioki pot still whisky",,,Japan; US Aug 2024; UK,700ml,https://kanosuke.com/products/kanosuke-double-distillery-700,"Producer page: 53%, 700ml, DETAIL block. Release 2024-04-09 from en.jpwhisky.net/new-kanosuke-double-distillery-2-40091/ (lottery 04-17 to 04-22).",https://kanosuke.com/en/products/kanosuke-double-distillery-en,kanosuke.com: (c) KANOSUKE; no reuse licence published; identity evidence only,Blend of two company-owned distilleries (Kanosuke malt + Hioki pot still). No 2023 release exists. Shimadzu Satsuma Kiriko gift box (2025-05) is packaging only.
4,created,Core range,B57461,KANOSUKE SINGLE MALT PEATED,嘉之助シングルモルト PEATED,Kanosuke (E1097),Kanosuke (E1097),,,Single Malt Peated,,single_malt,,true,48,false,,,,,,,2025,5,22,"Peated malt whisky from re-charred ex-shochu casks and ex-bourbon barrels as key malts, vatted with other selected casks",,,Japan; export,700ml,https://kanosuke.com/blogs/news/2025-03-13,"Producer news: release 2025-05-22, 700ml, 48%, 10,450 yen; online lottery 2025-04-14 to 04-22.",https://kanosuke.com/en/products/kanosuke-single-malt-peated-en,kanosuke.com: (c) KANOSUKE; no reuse licence published; identity evidence only,
5,created,Core range,B57462,KANOSUKE SINGLE MALT KAGOSHIMA EXCLUSIVE,嘉之助シングルモルト KAGOSHIMA EXCLUSIVE,Kanosuke (E1097),Kanosuke (E1097),,,Single Malt Kagoshima Exclusive,,single_malt,,true,48,false,,,,,,,2025,4,18,"Key malt from Kagoshima-grown Hoshun barley malted in-house, matured in re-charred ex-shochu casks; vatted with ex-bourbon and other casks",,,Kagoshima Prefecture only,700ml,https://kanosuke.com/blogs/news/25-03-10,"Producer news: release 2025-04-18, 700ml, 48%, 10,120 yen. Also Kyodo PR Wire release 202503105431.",https://kanosuke.com/en/products/kanosuke-single-malt-kagoshima-exclusive-en,kanosuke.com: (c) KANOSUKE; no reuse licence published; identity evidence only,
6,created,Core range,B57463,KANOSUKE SINGLE MALT SHERRY CASKS VATTED,嘉之助シングルモルト SHERRY CASKS VATTED,Kanosuke (E1097),Kanosuke (E1097),,,Single Malt Sherry Casks Vatted,,single_malt,,true,48,false,,,,,,,2025,11,21,"Whiskies matured in Spanish Oloroso and Cream sherry casks, with ex-shochu casks and a touch of new American white oak",,,Japan; export,700ml,https://kanosuke.com/blogs/news/20250924,"Producer news: release 2025-11-21, 700ml, 48%, 10,450 yen.",https://kanosuke.com/en/products/kanosuke-single-malt-sherry-cask-vatted-en,kanosuke.com: (c) KANOSUKE; no reuse licence published; identity evidence only,
7,created,Core range,B57464,KANOSUKE SINGLE MALT IPA CASK FINISH,嘉之助シングルモルト IPA CASK FINISH,Kanosuke (E1097),Kanosuke (E1097),,,Single Malt IPA Cask Finish,,single_malt,,true,48,false,,,,,,,2026,4,1,Re-charred ex-shochu cask key malt finished in two types of Double IPA casks,,,Distillery shop and official online shop only,700ml,https://kanosuke.com/blogs/news/20260310,"Producer news: distillery shop 2026-04-01, online 2026-04-10, 700ml, 48%, 11,550 yen; small batch.",https://kanosuke.com/en/products/single-malt-ipa-cask-finish-en,kanosuke.com: (c) KANOSUKE; no reuse licence published; identity evidence only,The '≪蒸溜所限定≫' shop page is the same product.
8,updated,Annual Limited Edition,B56976,SINGLE MALT KANOSUKE 2021 FIRST EDITION,シングルモルト嘉之助 2021 FIRST EDITION,Kanosuke (E1097),Kanosuke (E1097),,Limited Edition (S938),Single Malt,2021 First Edition,single_malt,,true,58,false,true,,true,,,2021,2021,6,16,Vatted from several casks with re-charred American white oak ex-Mellowed Kozuru shochu casks as key; unpeated; all three pot stills,,,Japan,700ml,https://kanosuke.com/en/products/single-malt-kanosuke-2021-first-edition-en,"Producer page: 58%, 700ml, label reads CASK STRENGTH, NON CHILL-FILTERED; spirit produced 2017-18. Release date 2021-06-16 from whiskymag.com/articles/kanosuke-distillery-from-shochu-to-single-malt/.",https://kanosuke.com/en/products/single-malt-kanosuke-2021-first-edition-en,kanosuke.com: (c) KANOSUKE; no reuse licence published; identity evidence only,"Distillers currently E1775; propose E1097. Vintage spans 2017-18 so vintageYear stays null. Whisky Nights claims 1,200 bottles (retailer, unverified; not stored)."
9,created,Annual Limited Edition,B57465,SINGLE MALT KANOSUKE 2021 SECOND EDITION,シングルモルト嘉之助 2021 SECOND EDITION,Kanosuke (E1097),Kanosuke (E1097),,Limited Edition (S938),Single Malt,2021 Second Edition,single_malt,,true,57,false,true,,,,2018,2021,2021,11,12,Vatted from several casks with ex-bourbon barrels as key; unpeated; produced in 2018,,,Japan,700ml,https://kanosuke.com/products/singlemaltkanosuke2021-2nd,"Producer page: 57%, 700ml, produced 2018. Release 2021-11-12 from en.jpwhisky.net/new-kanosuke2021-second-edition-2-10121/.",https://kanosuke.com/en/products/single-malt-kanosuke-2021-second-edition,kanosuke.com: (c) KANOSUKE; no reuse licence published; identity evidence only,
10,updated,Annual Limited Edition,B52406,SINGLE MALT KANOSUKE 2022 LIMITED EDITION,シングルモルト嘉之助 2022 LIMITED EDITION,Kanosuke (E1097),Kanosuke (E1097),,Limited Edition (S938),Single Malt,2022 Limited Edition,single_malt,,true,59,false,true,true,true,,,2022,2022,6,24,"Various oak casks, with sherry casks as the key component",,,Japan; US; UK,700ml,https://kanosuke.com/products/singlemaltkanosuke2022-limited,"Producer page: 59%, 700ml, spirit 2017-2019, sherry casks key. Planned for 2022-06-15 but moved to 2022-06-24 because the label ABV was misprinted (old-site news 2022.06.01, Wayback capture of kanosuke.com/news/2022/); secondary sources still quote June 15.",https://kanosuke.com/en/products/single-malt-kanosuke-2022-limited-edition-en,kanosuke.com: (c) KANOSUKE; no reuse licence published; identity evidence only,Bottler currently E1775 (wrong: official release has no bottler). Distillers E1775 -> E1097. Existing image has no sourceUrl/license recorded; check.
11,created,Annual Limited Edition,B57466,SINGLE MALT KANOSUKE 2023 LIMITED EDITION,シングルモルト嘉之助 2023 LIMITED EDITION,Kanosuke (E1097),Kanosuke (E1097),,Limited Edition (S938),Single Malt,2023 Limited Edition,single_malt,,true,59,false,true,,,,,2023,2023,6,14,"Peated malt; mainly re-charred ex-shochu casks and sherry casks, vatted from several casks",,,Japan; US; UK,700ml,https://kanosuke.com/products/singlemaltkanosuke2023-limited,"Producer page: 59%, 700ml, peated malt distilled 2018-2019. On sale 2023-06-14 (old-site news 2023.05.26 on Wayback, 'LIMITED EDITION 第4弾'). The old products index said mainly bourbon casks; the special page and current page say re-charred ex-shochu and sherry casks (used).",https://kanosuke.com/en/products/single-malt-kanosuke-2023-limited-edition-en,kanosuke.com: (c) KANOSUKE; no reuse licence published; identity evidence only,
12,created,Annual Limited Edition,B57467,KANOSUKE HIOKI POT STILL 2024 LIMITED EDITION,嘉之助 HIOKI POT STILL 2024 LIMITED EDITION,Kanosuke (E1097),Hioki Distillery (E367028),,Limited Edition (S938),Hioki Pot Still,2024 Limited Edition,single_pot_still,,true,55,false,,,,,,2024,2024,10,11,"Vatting of new American white oak, ex-bourbon and re-charred ex-shochu casks",,,Japan; JAL in-flight Feb-Mar 2025,700ml,https://kanosuke.com/products/hiokipotstill2024-limited,"Producer page: 55%, 700ml, 16,500 yen. Release 2024-10-11 from en.jpwhisky.net/new-hioki-limited2024-2-46396/.",https://kanosuke.com/en/products/kanosuke-hioki-pot-still-2024-limited-edition-en,kanosuke.com: (c) KANOSUKE; no reuse licence published; identity evidence only,Same category decision as Hioki Pot Still core.
13,created,Annual Limited Edition,B57468,KANOSUKE DOUBLE DISTILLERY 2025 LIMITED EDITION,嘉之助 DOUBLE DISTILLERY 2025 LIMITED EDITION,Kanosuke (E1097),Kanosuke (E1097); Hioki Distillery (E367028),,Limited Edition (S938),Double Distillery,2025 Limited Edition,blend,,true,59,false,,,,,,2025,2025,9,25,Hioki pot still whisky from re-charred ex-shochu casks; single malt from ex-sherry casks finished in re-charred ex-shochu casks (double cask); small amount of rum-cask whisky,,,Japan,700ml,https://kanosuke.com/blogs/news/20250805,"Producer news: release 2025-09-25, 700ml, 59%, 18,700 yen; lottery 2025-08-19 to 08-25.",https://kanosuke.com/en/products/doubledistillery2025-limited-en,kanosuke.com: (c) KANOSUKE; no reuse licence published; identity evidence only,
14,created,Annual Limited Edition,B57469,KANOSUKE SINGLE MALT 2026 LIMITED EDITION,嘉之助シングルモルト 2026 LIMITED EDITION,Kanosuke (E1097),Kanosuke (E1097),,Limited Edition (S938),Single Malt,2026 Limited Edition,single_malt,,true,57,false,,,,,,,2026,2,25,Ex-bourbon cask whisky finished in apple brandy casks and re-charred ex-shochu cask whisky finished in white wine casks as key malts; several sherry-cask whiskies; small amount of peated whisky,,,Japan,700ml,https://kanosuke.com/blogs/news/20251210,"Producer news: release 2026-02-25, 700ml, 57%, 14,850 yen; lottery 2026-01-23 to 01-31.",https://kanosuke.com/en/products/singlemalt2026-limited-en,kanosuke.com: (c) KANOSUKE; no reuse licence published; identity evidence only,
15,created,Artist Edition,B57470,SINGLE MALT KANOSUKE Artist Edition #001,シングルモルト嘉之助 Artist Edition #001 木,Kanosuke (E1097),Kanosuke (E1097),,Artist Edition (S939),Artist Edition,#001,single_malt,,true,50,false,,,,,2019,2022,2022,3,28,Unpeated UK malt matured 3+ years in re-charred American white oak casks,,,Japan (Kura no Shikon contract retailers),700ml,https://www.nomunication.jp/2022/03/07/march-2022-bottles-far-east-of-peat-gaiaflow-blended-m-chichibu-the-peated-2022-kanosuke-artist-edition/,"Dated announcement (release 2022-03-28, 50%); en.jpwhisky.net/kanosuke-artist-edition1-2-16335/ review (2019 distillation). Artist Mariko Hirasawa. No producer page survives; check Wayback news.",https://whisky-nights.com/kanosuke-artist-edition-001/,whisky-nights.com: no reuse without permission; not downloaded,
16,updated,Artist Edition,B52333,SINGLE MALT KANOSUKE Artist Edition #002,シングルモルト嘉之助 Artist Edition #002 火,Kanosuke (E1097),Kanosuke (E1097),,Artist Edition (S939),Artist Edition,#002,single_malt,,true,50,false,,,,,2019,2023,2023,3,15,Unpeated malt matured 3+ years in Pedro Ximénez sherry butts,,,Japan (Kura no Shikon contract retailers); export,700ml,https://en.jpwhisky.net/kanosuke-artist-edition2-2-25679/,"Review with spec (2019 distillation, PX, 50%); whiskyfun.com Nov 2023 '3 yo 2019/2023 (50%, OB, Artist Edition #002, PX sherry butt)'; 88bamboo news (release 2023-03-15). Artist Yuna Yagi.",https://whisky-nights.com/kanosuke-artist-edition-002/,whisky-nights.com: no reuse without permission; not downloaded,"Current record says 2018 vintage and statedAge 3: two independent sources give 2019; label carries no age statement, so statedAge -> null. Distillers E1775 -> E1097."
17,created,Artist Edition,B57471,SINGLE MALT KANOSUKE Artist Edition #003,シングルモルト嘉之助 Artist Edition #003 土,Kanosuke (E1097),Kanosuke (E1097),,Artist Edition (S939),Artist Edition,#003,single_malt,,true,50,false,,,,,,2024,2024,6,18,"Ex-bourbon, red wine, re-charred and sherry casks, finished in ex-Amami kokuto shochu casks; includes some peated malt",,,Japan; export,700ml,https://en.jpwhisky.net/kanosuke-artist-edition3-2-43040/,Review with spec; release date 2024-06-18 from search snippet only (confirm on Wayback producer news).,https://whisky-nights.com/kanosuke-artist-edition-003/,whisky-nights.com: no reuse without permission; not downloaded,
18,created,Artist Edition,B57472,KANOSUKE SINGLE MALT Artist Edition #004,嘉之助シングルモルト Artist Edition #004 金,Kanosuke (E1097),Kanosuke (E1097),,Artist Edition (S939),Artist Edition,#004,single_malt,,true,50,false,,,,,,2025,2025,6,18,"Unpeated whiskies from all three pot stills, including triple-distilled ex-bourbon barrel whisky and Islay casks matured in Hioki",,,Japan (specialist retailers),700ml,https://kanosuke.com/blogs/news/artist-edition-04,"Producer news: release 2025-06-18, 700ml, 50%, 16,500 yen. Artist Keiko Yuasa.",https://kanosuke.com/en/products/artist-edition-004,kanosuke.com: (c) KANOSUKE; no reuse licence published; identity evidence only,
19,created,Artist Edition,B57473,KANOSUKE SINGLE MALT Artist Edition #005,嘉之助シングルモルト Artist Edition #005 水,Kanosuke (E1097),Kanosuke (E1097),,Artist Edition (S939),Artist Edition,#005,single_malt,,true,50,false,,,true,,,2026,2026,6,10,"Three Mizunara-cask whiskies as key malts, vatted with unpeated and peated whiskies; slow dilution",,,Japan (specialist retailers),700ml,https://kanosuke.com/blogs/news/20260423,"Producer news: release 2026-06-10, 700ml, 50%, 16,500 yen. Artist Alexander Kori Girard; final release.",https://kanosuke.com/en/products/artist-edition-005,kanosuke.com: (c) KANOSUKE; no reuse licence published; identity evidence only,
20,created,Distillery Exclusive,B57474,SINGLE MALT KANOSUKE DISTILLERY EXCLUSIVE #001,シングルモルト嘉之助 蒸溜所限定ボトル #001,Kanosuke (E1097),Kanosuke (E1097),,Distillery Exclusive (S940),Distillery Exclusive,#001,single_malt,,true,55,true,true,,,,2018,2021,2021,8,26,"Unpeated UK malt; re-charred American white oak ex-shochu cask 24 months, then a W-IPA (Double IPA) cask from RISE & WIN Brewing Co. for 14 months",20049,1406,Distillery shop and Kanosuke web shop only,200ml,https://web.archive.org/web/20250213025016id_/https://kanosuke.com/special/distillery_exclusive/,"Producer spec page (Wayback capture of kanosuke.com/special/distillery_exclusive/, 2025-02-13): cask no., malt, still, distillation and bottling month, cask text, outturn for #001-#010. Announced 2021-08-26 (old-site news 2021). TWSC 2022 Gold. The 'Modern Malt Whisky Market 2021 IPA cask finish cask 20049' listing is this cask.",,,"200ml distillery-only bottle, hand-numbered. Package size does not change identity."
21,created,Distillery Exclusive,B57475,SINGLE MALT KANOSUKE DISTILLERY EXCLUSIVE #002,シングルモルト嘉之助 蒸溜所限定ボトル #002,Kanosuke (E1097),Kanosuke (E1097),,Distillery Exclusive (S940),Distillery Exclusive,#002,single_malt,,true,55,true,true,,,,2018,2022,2022,1,21,"Unpeated UK malt; ex-bourbon barrel about 1.5 years, then a Calvados cask 2 years",19477,1099,Distillery shop and Kanosuke web shop only,200ml,https://web.archive.org/web/20250213025016id_/https://kanosuke.com/special/distillery_exclusive/,"Producer spec page (Wayback capture of kanosuke.com/special/distillery_exclusive/, 2025-02-13): cask no., malt, still, distillation and bottling month, cask text, outturn for #001-#010. Announced 2022-01-21; distilled Jun 2018, bottled Jan 2022.",,,"200ml distillery-only bottle, hand-numbered. Package size does not change identity."
22,created,Distillery Exclusive,B57476,SINGLE MALT KANOSUKE DISTILLERY EXCLUSIVE #003,シングルモルト嘉之助 蒸溜所限定ボトル #003,Kanosuke (E1097),Kanosuke (E1097),,Distillery Exclusive (S940),Distillery Exclusive,#003,single_malt,,true,55,true,true,,,,2018,2022,2022,,,"Unpeated UK malt; re-charred cask 1 year, then a French Bordeaux red wine cask nearly 3 years",19248,988,Distillery shop and Kanosuke web shop only,200ml,https://web.archive.org/web/20250213025016id_/https://kanosuke.com/special/distillery_exclusive/,"Producer spec page (Wayback capture of kanosuke.com/special/distillery_exclusive/, 2025-02-13): cask no., malt, still, distillation and bottling month, cask text, outturn for #001-#010. Distilled May 2018, bottled Apr 2022; no announcement post found (between Jan and Jul 2022). 88bamboo quoted 57 percent; the producer's products index lists the series at 55 percent: ABV conflict, stored as 55 per producer, flagged.",,,"200ml distillery-only bottle, hand-numbered. Package size does not change identity."
23,created,Distillery Exclusive,B57477,SINGLE MALT KANOSUKE DISTILLERY EXCLUSIVE #004,シングルモルト嘉之助 蒸溜所限定ボトル #004,Kanosuke (E1097),Kanosuke (E1097),,Distillery Exclusive (S940),Distillery Exclusive,#004,single_malt,,true,55,false,true,,,,2018,2022,2022,7,22,"Unpeated UK malt; re-charred American white oak cask 3 years, then a second-fill ex-bourbon barrel 1 year","20464, 20465",1910,Distillery shop and Kanosuke web shop only,200ml,https://web.archive.org/web/20250213025016id_/https://kanosuke.com/special/distillery_exclusive/,"Producer spec page (Wayback capture of kanosuke.com/special/distillery_exclusive/, 2025-02-13): cask no., malt, still, distillation and bottling month, cask text, outturn for #001-#010. Two casks. Distilled Feb 2018, bottled Jul 2022; announced 2022-07-22.",,,"200ml distillery-only bottle, hand-numbered. Package size does not change identity."
24,created,Distillery Exclusive,B57478,SINGLE MALT KANOSUKE DISTILLERY EXCLUSIVE #005,シングルモルト嘉之助 蒸溜所限定ボトル #005,Kanosuke (E1097),Kanosuke (E1097),,Distillery Exclusive (S940),Distillery Exclusive,#005,single_malt,,true,55,true,true,,,,2018,2022,2022,,,"Unpeated UK malt; ex-bourbon barrel 33 months, then a Cognac cask 14 months",21495,2164,Distillery shop and Kanosuke web shop only,200ml,https://web.archive.org/web/20250213025016id_/https://kanosuke.com/special/distillery_exclusive/,"Producer spec page (Wayback capture of kanosuke.com/special/distillery_exclusive/, 2025-02-13): cask no., malt, still, distillation and bottling month, cask text, outturn for #001-#010. Distilled Oct 2018, bottled Oct 2022. The dekanta listing 'Kanosuke Limited Cask #21495' is this bottle.",,,"200ml distillery-only bottle, hand-numbered. Package size does not change identity."
25,created,Distillery Exclusive,B57479,SINGLE MALT KANOSUKE DISTILLERY EXCLUSIVE #006,シングルモルト嘉之助 蒸溜所限定ボトル #006,Kanosuke (E1097),Kanosuke (E1097),,Distillery Exclusive (S940),Distillery Exclusive,#006,single_malt,,true,55,true,true,,,,2018,2023,2023,2,20,Unpeated UK malt; Manzanilla sherry butt 55 months,18117,1982,Distillery shop and Kanosuke web shop only,200ml,https://web.archive.org/web/20250213025016id_/https://kanosuke.com/special/distillery_exclusive/,"Producer spec page (Wayback capture of kanosuke.com/special/distillery_exclusive/, 2025-02-13): cask no., malt, still, distillation and bottling month, cask text, outturn for #001-#010. Distilled Jun 2018, bottled Jan 2023; announced 2023-02-20 (web lottery 2023-03-30 to 04-03 per jpwhisky).",,,"200ml distillery-only bottle, hand-numbered. Package size does not change identity."
26,created,Distillery Exclusive,B57480,SINGLE MALT KANOSUKE DISTILLERY EXCLUSIVE #007,シングルモルト嘉之助 蒸溜所限定ボトル #007,Kanosuke (E1097),Kanosuke (E1097),,Distillery Exclusive (S940),Distillery Exclusive,#007,single_malt,,true,55,true,true,,,,2018,2023,2023,,,"UK malt; American white oak cask 21 months, then an ex-bourbon cask 31 months",20458,814,Distillery shop and Kanosuke web shop only,200ml,https://web.archive.org/web/20250213025016id_/https://kanosuke.com/special/distillery_exclusive/,"Producer spec page (Wayback capture of kanosuke.com/special/distillery_exclusive/, 2025-02-13): cask no., malt, still, distillation and bottling month, cask text, outturn for #001-#010. Distilled Sep 2018, bottled Jul 2023; no announcement post found.",,,"200ml distillery-only bottle, hand-numbered. Package size does not change identity."
27,created,Distillery Exclusive,B57481,SINGLE MALT KANOSUKE DISTILLERY EXCLUSIVE #008,シングルモルト嘉之助 蒸溜所限定ボトル #008,Kanosuke (E1097),Kanosuke (E1097),,Distillery Exclusive (S940),Distillery Exclusive,#008,single_malt,,true,55,true,true,,,,2019,2023,2023,10,17,UK malt; new American white oak cask 43 months,20029,1976,Distillery shop and Kanosuke web shop only,200ml,https://web.archive.org/web/20250213025016id_/https://kanosuke.com/special/distillery_exclusive/,"Producer spec page (Wayback capture of kanosuke.com/special/distillery_exclusive/, 2025-02-13): cask no., malt, still, distillation and bottling month, cask text, outturn for #001-#010. Distilled Dec 2019, bottled Sep 2023; web lottery 2023-10-17 to 10-19. A Yahoo seller title says 62 percent; the producer's 55 percent is used.",,,"200ml distillery-only bottle, hand-numbered. Package size does not change identity."
28,created,Distillery Exclusive,B57482,SINGLE MALT KANOSUKE DISTILLERY EXCLUSIVE #009,シングルモルト嘉之助 蒸溜所限定ボトル #009,Kanosuke (E1097),Kanosuke (E1097),,Distillery Exclusive (S940),Distillery Exclusive,#009,single_malt,,true,55,false,true,,,,2019,2023,2024,2,16,"Unpeated UK malt; re-charred ex-Mellowed Kozuru shochu cask 44 months, then a French Bordeaux red wine cask about 10 months","22341, 22434",2285,Distillery shop and Kanosuke web shop only,200ml,https://web.archive.org/web/20250213025016id_/https://kanosuke.com/special/distillery_exclusive/,"Producer spec page (Wayback capture of kanosuke.com/special/distillery_exclusive/, 2025-02-13): cask no., malt, still, distillation and bottling month, cask text, outturn for #001-#010. Two casks. Distilled Apr 2019, bottled Nov 2023; web lottery 2024-02-09 to 02-26. whiskeypoints.com wrote 22431/22434.",,,"200ml distillery-only bottle, hand-numbered. Package size does not change identity."
29,created,Distillery Exclusive,B57483,SINGLE MALT KANOSUKE DISTILLERY EXCLUSIVE #010,シングルモルト嘉之助 蒸溜所限定ボトル #010,Kanosuke (E1097),Kanosuke (E1097),,Distillery Exclusive (S940),Distillery Exclusive,#010,single_malt,,true,55,true,true,,,,2020,2024,2024,5,,"Heavily re-charred ex-shochu cask, 45 months; unpeated UK malt",20340,2085,Distillery shop; kanosuke.com,200ml,https://kanosuke.com/products/distillery_exclusive-010,"Producer page: 200ml, 55%, DETAIL block (distilled Jul 2020, bottled Apr 2024). Cask 20340 and 2,085 bottles from whisky-nights.com product page (retailer). WWA 2025 single cask winner per producer news 25-02-12.",https://kanosuke.com/en/products/single-malt-kanosuke-distillery-exclusive-010-en,kanosuke.com: (c) KANOSUKE; no reuse licence published; identity evidence only,"200ml distillery-only bottle, hand-numbered. Package size does not change identity. Producer spec page (Wayback, see #001-#009) confirms cask 20340, 2,085 bottles; on sale from May 2024, web lottery 2024-05-21 to 05-27."
30,created,Component Series,B57484,KANOSUKE Component Series EX-BOURBON CASK,＜蒸溜所限定＞嘉之助 Component Series EX-BOURBON CASK,Kanosuke (E1097),Kanosuke (E1097),,Component Series (S941),Component Series,Ex-Bourbon Cask,single_malt,,true,50,false,,,,,,,2024,8,,Matured in ex-bourbon casks,,,Distillery shop only,200ml,https://kanosuke.com/en/products/kanosuke-component-series-ex-bourbon-cask-en,"Producer page: 200ml, 50%, 4,180 yen. On sale at the distillery shop from 2024-08-12 per the old special page (Wayback capture of kanosuke.com/special/component-series/); the old products index says 08-11, so only the month is stored.",https://kanosuke.com/en/products/kanosuke-component-series-ex-bourbon-cask-en,kanosuke.com: (c) KANOSUKE; no reuse licence published; identity evidence only,
31,created,Component Series,B57485,KANOSUKE Component Series EX-SHERRY CASK,＜蒸溜所限定＞嘉之助 Component Series EX-SHERRY CASK,Kanosuke (E1097),Kanosuke (E1097),,Component Series (S941),Component Series,Ex-Sherry Cask,single_malt,,true,50,false,,,,,,,2024,8,,Matured in ex-sherry casks,,,Distillery shop only,200ml,https://kanosuke.com/en/products/kanosuke-component-series-ex-sherry-cask-en,"Producer page: 200ml, 50%, 4,620 yen. On sale at the distillery shop from 2024-08-12 per the old special page (Wayback capture of kanosuke.com/special/component-series/); the old products index says 08-11, so only the month is stored.",https://kanosuke.com/en/products/kanosuke-component-series-ex-sherry-cask-en,kanosuke.com: (c) KANOSUKE; no reuse licence published; identity evidence only,
32,created,Component Series,B57486,KANOSUKE Component Series RE-CHARRED EX-SHOCHU CASK,＜蒸溜所限定＞嘉之助 Component Series RE-CHARRED EX-SHOCHU CASK,Kanosuke (E1097),Kanosuke (E1097),,Component Series (S941),Component Series,Re-charred Ex-Shochu Cask,single_malt,,true,50,false,,,,,,,2024,8,,Matured in re-charred ex-shochu casks,,,Distillery shop only,200ml,https://kanosuke.com/en/products/kanosuke-component-series-re-charred-ex-shochu-cask-en,"Producer page: 200ml, 50%, 4,400 yen. On sale at the distillery shop from 2024-08-12 per the old special page (Wayback capture of kanosuke.com/special/component-series/); the old products index says 08-11, so only the month is stored.",https://kanosuke.com/en/products/kanosuke-component-series-re-charred-ex-shochu-cask-en,kanosuke.com: (c) KANOSUKE; no reuse licence published; identity evidence only,
33,created,Component Series,B57487,KANOSUKE Component Series PEATED,＜蒸溜所限定＞嘉之助 Component Series PEATED,Kanosuke (E1097),Kanosuke (E1097),,Component Series (S941),Component Series,Peated,single_malt,,true,50,false,,,,,,,2026,1,,,,,Distillery shop only,200ml,https://kanosuke.com/en/products/component-series_peated-en,"Producer page: 200ml, 50%, 4,620 yen; product published 2026-01-05. No news post found; month is the page publication month (weak).",https://kanosuke.com/en/products/component-series_peated-en,kanosuke.com: (c) KANOSUKE; no reuse licence published; identity evidence only,
34,created,Mellow Bar Reserve,B57488,KANOSUKE SINGLE MALT The Mellow Bar Reserve,嘉之助 SINGLE MALT The Mellow Bar Reserve,Kanosuke (E1097),Kanosuke (E1097),,The Mellow Bar Reserve (S942),Single Malt,The Mellow Bar Reserve,single_malt,,true,55,false,,,true,,,,2024,11,,"Key malt from re-charred American white oak ex-Mellowed Kozuru casks with Mizunara, sherry and other casks",,,Japan airport duty-free only,700ml,https://kanosuke.com/en/products/single-malt-kanosuke-the-mellow-bar-reserve-en,"Producer page: 700ml, 55%, duty-free price. On sale from mid-November 2024 (old-site news 2024.11.29 and special page kanosuke.com/special/themellowbarreserve/ on Wayback: '2024年11月中旬より順次発売'). Duty-free prices were cut in 2025.",https://kanosuke.com/en/products/single-malt-kanosuke-the-mellow-bar-reserve-en,kanosuke.com: (c) KANOSUKE; no reuse licence published; identity evidence only,
35,created,Mellow Bar Reserve,B57489,KANOSUKE HIOKI POT STILL The Mellow Bar Reserve,嘉之助 HIOKI POT STILL The Mellow Bar Reserve,Kanosuke (E1097),Kanosuke (E1097),,The Mellow Bar Reserve (S942),Hioki Pot Still,The Mellow Bar Reserve,single_pot_still,,true,61,false,,,,,,,2024,11,,New American white oak casks and ex-bourbon barrels,,,Japan airport duty-free only,700ml,https://kanosuke.com/en/products/kanosuke-hioki-pot-still-the-mellow-bar-reserve-en,"Producer page: 700ml, 61%, duty-free price. On sale from mid-November 2024 (old-site news 2024.11.29 and special page kanosuke.com/special/themellowbarreserve/ on Wayback: '2024年11月中旬より順次発売'). Duty-free prices were cut in 2025.",https://kanosuke.com/en/products/kanosuke-hioki-pot-still-the-mellow-bar-reserve-en,kanosuke.com: (c) KANOSUKE; no reuse licence published; identity evidence only,
36,created,Mellow Bar Reserve,B57490,KANOSUKE DOUBLE DISTILLERY The Mellow Bar Reserve,嘉之助 DOUBLE DISTILLERY The Mellow Bar Reserve,Kanosuke (E1097),Kanosuke (E1097),,The Mellow Bar Reserve (S942),Double Distillery,The Mellow Bar Reserve,blend,,true,58,false,,,,,,,2024,11,,Kanosuke single malt and Hioki pot still whisky with a hint of Mizunara cask whisky,,,Japan airport duty-free only,700ml,https://kanosuke.com/en/products/kanosuke-double-distillery-the-mellow-bar-reserve-en,"Producer page: 700ml, 58%, duty-free price. On sale from mid-November 2024 (old-site news 2024.11.29 and special page kanosuke.com/special/themellowbarreserve/ on Wayback: '2024年11月中旬より順次発売'). Duty-free prices were cut in 2025.",https://kanosuke.com/en/products/kanosuke-double-distillery-the-mellow-bar-reserve-en,kanosuke.com: (c) KANOSUKE; no reuse licence published; identity evidence only,
37,created,Festival (distillery),B57491,Single Malt Kanosuke Hand-fill Bottle 2021,シングルモルト嘉之助 ハンドフィルボトル2021,Kanosuke (E1097),Kanosuke (E1097),,,Single Malt,Hand-fill Bottle 2021,single_malt,,true,55,false,,,,,2018,2021,2021,12,,"Several 2018 malts vatted (unpeated ex-bourbon base with re-charred cask and peated whiskies), then finished about 1 year in a small ex-bourbon cask",,,Web lottery December 2021 and distillery shop from 2021-12-22,200ml,https://web.archive.org/web/2024id_/https://kanosuke.com/special/handfilled2021/,"Old-site special page (dated 2021-12-07): 200ml, 55%, 4,000 yen, blank front label. A bottled release sold by lottery, unlike the visitor hand-fill programme. Outturn unknown.",,,
38,created,Festival (distillery),B57492,Single Malt Kanosuke OPEN DAY 2022 Bottle,シングルモルト嘉之助 OPEN DAY 2022 ボトル,Kanosuke (E1097),Kanosuke (E1097),,,Single Malt,Open Day 2022,single_malt,,true,54,true,,,,,,2022,2022,11,12,"Ex-bourbon barrel 1.5 years, re-racked into a quarter-size sherry cask for nearly 3 years",,,"Distillery shop, 2022-11-12 and 11-13 only (200 bottles per day)",200ml,https://web.archive.org/web/2024id_/https://kanosuke.com/special/openday2022/,"Old-site special page and news 2022.10.18 and 11.01: 200ml, 54%, 3,960 yen. 400 offered over two days; exact outturn not stated. The 2021 and 2022 festivals were cancelled; Open Day replaced them.",,,
39,created,Festival (distillery),B57493,Single Malt Kanosuke Distillery Festival 2023 Limited Bottle,シングルモルト嘉之助 蒸留祭2023 限定ボトル,Kanosuke (E1097),Kanosuke (E1097),,,Single Malt,Distillery Festival 2023,single_malt,,true,57,,,,,,,2023,2023,11,,"Re-charred ex-shochu cask 3 years, then a rum cask finish of 2.5 years",,,Festival lottery at the distillery 2023-11-01 to 11-12,700ml,https://web.archive.org/web/20250213034850id_/https://kanosuke.com/news/2023/,"Old-site news 2023.10.06 and 10.13: 700ml, 57%, 16,500 yen, shipped early December 2023. Outturn unknown. No earlier festival whisky bottle found: 2018-2020 festivals sold New Born hand-fills (out of scope).",,,
40,created,Festival (distillery),B57494,KANOSUKE SINGLE MALT DISTILLERY FEST. 2024 IN KAGOSHIMA,シングルモルト嘉之助 蒸溜祭2024 限定ボトル,Kanosuke (E1097),Kanosuke (E1097),,,Single Malt,Distillery Fest. 2024,single_malt,,true,55,false,,,,,,,2024,11,,"Vatting of 3.5-5 year malts from re-charred ex-shochu and other casks, finished 10 months in a Komasa umeshu cask",,,Distillery festival only (2024-11-10),700ml,https://web.archive.org/web/20250213225426id_/https://kanosuke.com/news/2024/,"Old-site news 2024.10.23 (Wayback): 700ml, 55%, 16,500 yen, lottery 2024-11-02 to 11-09 and festival day 11-10, shipped early December; label transcription on japanesewhisky.livedoor.blog/archives/47523466.html. Outturn 500 venue + 100 web per a blog; a seller says about 900: conflict, not stored.",,,
41,created,Festival (distillery),B57495,KANOSUKE SINGLE MALT HIOKI KANOSUKE SPIRITS FEST. 2025,嘉之助シングルモルト 蒸溜祭2025 限定ボトル,Kanosuke (E1097),Kanosuke (E1097),,,Single Malt,Hioki Kanosuke Spirits Fest. 2025,single_malt,,true,56,,,,,,2020,2025,2025,10,12,Non-re-charred and re-charred ex-shochu casks (double cask),,,Distillery festival only,700ml,https://kanosuke.com/blogs/news/festival2025-bottle,"Producer news: 700ml, 56%, 16,500 yen, festival 2025-10-12; label read (Jan 2020 to Oct 2025, 600 bottles) from peatedperfection.blogspot.com; outturn from a blog reading only, not stored.",https://kanosuke.com/en/products/single-malt-hioki-kanosuke-spirits-fest-2025-en,kanosuke.com: (c) KANOSUKE; no reuse licence published; identity evidence only,
42,created,Festival (distillery),B57496,KANOSUKE SINGLE MALT DISTILLERY FEST. 2026,嘉之助シングルモルト 蒸溜祭2026限定ボトル,Kanosuke (E1097),Kanosuke (E1097),,,Single Malt,Distillery Fest. 2026,single_malt,,true,55,,,,,,,,2026,10,,"Matured in ex-shochu casks, finished in Madeira wine casks",,,Distillery festival (2026-10-25); lottery 2026-10-11 to 10-25,700ml; 200ml,https://kanosuke.com/products/kanosuke-single-malt-distillery-fest-2026,"Producer page: 700ml, 55%, 16,500 yen; 200ml 4,950 yen. Announced 2026-08-21; on sale October 2026 (future at research date).",https://kanosuke.com/en/products/kanosuke-single-malt-distillery-fest-2026-en,kanosuke.com: (c) KANOSUKE; no reuse licence published; identity evidence only,
43,unresolved,Festival (third party),,Kanosuke 2018 3 Year Crane & Sky #01 - Whisky Talk Fukuoka 2021,嘉之助2018 3年 鶴と空#01 ウイスキートーク福岡2021,Kanosuke (E1097),Kanosuke (E1097),,,Single Cask 2018 3-year-old,Crane & Sky #01 Whisky Talk Fukuoka 2021,single_malt,,,,,,,,,2018,2021,2021,,,,,,,,https://jwic.jp/distillery/kanosuke/,"JWIC award list only; no ABV, cask or outturn found.",,,
44,created,Festival (third party),B57497,Kanosuke 2018 Crane & Sky #02 - Whisky Talk Fukuoka 2022,嘉之助 Crane&Sky #02 ウイスキートーク福岡2022,Kanosuke (E1097),Kanosuke (E1097),,,Single Cask 2018 4-year-old,Crane & Sky #02 Whisky Talk Fukuoka 2022,single_malt,4,,57,true,,,,,2018,2022,2022,,,Second-fill ex-bourbon barrel,,,Whisky Talk Fukuoka 2022,700ml,https://whiskytalk.net/hpgen/HPB/categories/25140.html,"Organiser page: distilled 2018, bottled 2022, 57%, bourbon barrel, 700ml, 235 bottles; 88bamboo review reads 234 on label. Outturn conflict, not stored.",,,
45,created,Festival (third party),B57498,Kanosuke Crane & Sky #3 - Whisky Talk Fukuoka 2023,,Kanosuke (E1097),Kanosuke (E1097),,,Single Cask 2018,Crane & Sky #3 Whisky Talk Fukuoka 2023,single_malt,,,57,,,,,,2018,2023,2023,,,Ex-bourbon cask and white wine cask,,,Whisky Talk Fukuoka 2023,700ml,https://whisky-nights.com/kanosuke-crane-and-sky-3-for-whisky-talk-fukuoka-2023/,"Retailer page with label read (57%, 2018/2023). Single-cask status not proven (two cask types): singleCask null.",https://whisky-nights.com/kanosuke-crane-and-sky-3-for-whisky-talk-fukuoka-2023/,whisky-nights.com: no reuse without permission; not downloaded,
46,created,Festival (third party),B57499,Kanosuke Crane & Sky #4 - Whisky Talk Fukuoka 2024,,Kanosuke (E1097),Kanosuke (E1097),,,Single Cask 2018,Crane & Sky #4 Whisky Talk Fukuoka 2024,single_malt,,,58,,,,true,,2018,2024,2024,,,Ex-bourbon and red wine casks,,258,Whisky Talk Fukuoka 2024,700ml,https://whisky-nights.com/kanosuke-crane-and-sky-4-for-whisky-talk-fukuoka-2024/,"Retailer page with label read (58%, 258 bottles, NCF).",https://whisky-nights.com/kanosuke-crane-and-sky-4-for-whisky-talk-fukuoka-2024/,whisky-nights.com: no reuse without permission; not downloaded,
47,created,Festival (third party),B57500,Kanosuke Crane & Sky #5 - Whisky Talk Fukuoka 2025,,Kanosuke (E1097),Kanosuke (E1097),,,Single Cask 2019,Crane & Sky #5 Whisky Talk Fukuoka 2025,single_malt,,,59,,,,true,,2019,2025,2025,,,Manzanilla sherry cask,,540,Whisky Talk Fukuoka 2025,700ml,https://whisky-nights.com/kanosuke-crane-sky-5-for-whisky-talk-fukuoka-2025/,"Retailer page (59%, 540 bottles); page spec table wrongly repeats #4's casks, text says Manzanilla.",https://whisky-nights.com/kanosuke-crane-sky-5-for-whisky-talk-fukuoka-2025/,whisky-nights.com: no reuse without permission; not downloaded,
48,unresolved,Festival (third party),,Kanosuke 2018 (bottled 2021) IPA Cask Finish cask 20049 - Modern Malt Whisky Market 2021,,Kanosuke (E1097),Kanosuke (E1097),,,Single Cask 2018 #20049,IPA Cask Finish Modern Malt Whisky Market 2021,single_malt,,,,,,,,,2018,2021,2021,,,,20049,,,,https://www.masterofmalt.com/whiskies/kanosuke/kanosuke-2018-bottled-2021-ipa-cask-finish-cask-20049-modern-malt-whisky-market-2021-whisky/,"Title only (page 403/429). Cask 20049 is Distillery Exclusive #001 (200ml, 55 percent, bottled Aug 2021), so this is most likely #001 sold at the fair rather than a separate release; Master of Malt says 70cl and Spirit Radar 50 percent, both conflicting with the producer. Do not create.",,,
49,unresolved,Festival (third party),,Single Malt Kanosuke for Whisky Lovers Nagoya 2023,,Kanosuke (E1097),Kanosuke (E1097),,,Single Malt,for Whisky Lovers Nagoya 2023,single_malt,,,60,,,,,,,,2023,,,,,,,,https://88bamboo.co/blogs/whats-on/whisky-lovers-nagoya-2023-event-details,"Event listing: 60%, 22,000 yen. Cask, dates, outturn unknown.",,,
50,unresolved,Festival (third party),,Kanosuke 3 Year Old 2019 Single Cask #20030 - Whisky Festival 2023 (Yokohama),,Kanosuke (E1097),Kanosuke (E1097),,,Single Cask 2019 #20030 3-year-old,Whisky Festival 2023,single_malt,3,,,true,,,,,2019,2023,2023,,,,20030,282,,,https://www.whiskyhammer.com/item/177977/Kanosuke-Distillery/Kanosuke---3-Year-Old-2019-Single-Cask-20030-Whisky-Festival-2023.html,Auction lot description via search snippet only (page 403). ABV unknown.,,,
51,created,Festival (third party),B57501,Kanosuke 2018 5 Year Old Single Cask #18223 - Chichibu Whisky Matsuri 2024,,Kanosuke (E1097),Kanosuke (E1097),,,Single Cask 2018 #18223 5-year-old,Chichibu Whisky Matsuri 2024,single_malt,5,,59,true,,,true,,2018,2024,2024,2,,Re-charred cask; unpeated,18223,486,Chichibu Whisky Matsuri 2024,700ml,https://whisky-nights.com/kanosuke-2018-5-year-old-single-cask-18223-chichibu-whisky-matsuri-2024/,"Retailer page with label read (Dec 2018 to Feb 2024, 59%, 486 bottles). dekanta's 'Richard Cask' is a mis-transliteration of re-charred.",https://whisky-nights.com/kanosuke-2018-5-year-old-single-cask-18223-chichibu-whisky-matsuri-2024/,whisky-nights.com: no reuse without permission; not downloaded,
52,created,Festival (third party),B57502,Kanosuke 2018 6 Year Old Single Cask #19048 - Chichibu Whisky Matsuri 2025,,Kanosuke (E1097),Kanosuke (E1097),,,Single Cask 2018 #19048 6-year-old,Chichibu Whisky Matsuri 2025,single_malt,6,,58,true,,,true,,2018,2025,2025,2,,First-fill ex-bourbon barrel; small proportion of peated malt,19048,186,Chichibu Whisky Matsuri 2025,700ml,https://whisky-nights.com/kanosuke-2018-6-year-old-single-cask-19048-chichibu-whisky-matsuri-2025/,"Retailer page with label read (Sep 2018 distillation, 58%, 186 bottles). Release month = festival month (February); confirm.",https://whisky-nights.com/kanosuke-2018-6-year-old-single-cask-19048-chichibu-whisky-matsuri-2025/,whisky-nights.com: no reuse without permission; not downloaded,
53,created,Festival (third party),B57503,Kanosuke 2019 6 Year Old Peated Single Cask #19428 - Chichibu Whisky Matsuri 2026,,Kanosuke (E1097),Kanosuke (E1097),,,Single Cask 2019 #19428 Peated 6-year-old,Chichibu Whisky Matsuri 2026,single_malt,6,,61,true,,,,,2019,2026,2026,2,,Manzanilla sherry cask; peated,19428,568,Chichibu Whisky Matsuri 2026,700ml,https://whisky-nights.com/kanosuke-2019-6-year-old-peated-single-cask-19428-chichibu-whisky-matsuri-2026/,"Retailer page with label read (Oct 2019 to Jan 2026, 61%, 568 bottles).",https://whisky-nights.com/kanosuke-2019-6-year-old-peated-single-cask-19428-chichibu-whisky-matsuri-2026/,whisky-nights.com: no reuse without permission; not downloaded,
54,created,Festival (third party),B57504,Kanosuke Single Cask for Whisky and Spirits Fes Saga 2024,,Kanosuke (E1097),Kanosuke (E1097),,,Single Cask 2020,Whisky & Spirits Fes Saga 2024,single_malt,,,61,true,,,,,2020,2024,2024,6,2,Ex-bourbon barrel; heavily peated,,201,Whisky & Spirits Fes Saga 2024,700ml,https://whisky-nights.com/kanosuke-single-cask-for-whisky-and-spirits-fes-saga-2024/,"Retailer page with label read (2020/2024, 61%, 201 bottles); no cask number printed.",https://whisky-nights.com/kanosuke-single-cask-for-whisky-and-spirits-fes-saga-2024/,whisky-nights.com: no reuse without permission; not downloaded,
55,updated,Festival (third party),B52451,Kanosuke 2020 5 Year Old Single Cask #20319 - Whisky & Spirits Festival 2026 in Yokohama,嘉之助 2020 5年 (百人一首シリーズ010 蝉丸),Kanosuke (E1097),Kanosuke (E1097),,,Single Cask 2020 #20319 5-year-old,Whisky & Spirits Festival 2026 in Yokohama,single_malt,5,false,62,true,true,,,,2020,2026,2026,4,,Ex-shochu cask,20319,,Festival lottery (Whisky Culture Research Institute),700ml,https://prtimes.jp/main/html/rd/p/000000296.000119996.html,"Organiser press release 2026-02-27: 嘉之助 2020 5年, 62%, EX焼酎, 240 bottles, 23,100 yen. whisky-nights.com says 252 bottles and cask #20319. Outturn conflict (240 vs 252): propose null.",,,Bottler currently E1775 (wrong). Distillers E1775 -> E1097. Existing image: check sourceUrl/license.
56,created,Festival (third party),B57505,Kanosuke 2021 3 Year - Glover Collection #45 (Whisky Festival 2024 in Tokyo),グラバーコレクション 嘉之助 3年 2021-2024,Glover Collection (E367031),Kanosuke (E1097),Glover Collection (E367031),,Kanosuke 2021 3-year-old,#45,single_malt,3,,60,true,,,,,2021,2024,2024,12,,Ex-bourbon barrel,,200,Whisky Festival 2024 in Tokyo ticket-holder lottery,700ml,https://www.barrel365.com/n2411021/,Dated news 2024-11-02 listing '嘉之助 2021 3年 60% バーボンバレル 200本'; PR Times 000000132.000119996 not read. Glover Collection is the Whisky Culture Research Institute's own label: bottler decision needed (see README).,,,
57,unresolved,Festival (third party),,Kanosuke 3 Year Glover Collection 'Ittoudai' 58%,,Kanosuke (E1097),Kanosuke (E1097),,,Single Cask 3-year-old,Glover Collection,single_malt,3,,58,,,,,,,,,,,,,,,,https://auctions.yahoo.co.jp/,Yahoo lot title only (g1244064432). Which festival and year unknown.,,,
58,created,Festival (third party),B57506,Single Malt Kanosuke for Whisky Messe in KYOTO 2022 - Cask No.18177,シングルモルト 嘉之助 For Whisky Messe In KYOTO 2022,Kanosuke (E1097),Kanosuke (E1097),,,Single Cask #18177,Whisky Messe in Kyoto 2022,single_malt,,,58,true,,,,,,2022,2022,10,,Ex-bourbon barrel; unpeated,18177,,Liquor Mountain Whisky Messe Kyoto 2022,700ml,https://www.likaman-online.com/c/westernliquor/whisky/whiskey-others/517393,"Organiser/retailer page: cask No.18177, 58%, 700ml, 20,900 yen; fair 2022-10-16.",,,
59,created,Festival (third party),B57507,Kanosuke Single Cask 2020 Red Wine Cask Finish WM2025 (Whisky Messe Kyoto 2025),嘉之助シングルカスク2020 レッドワインカスクフィニッシュ WM2025,Kanosuke (E1097),Kanosuke (E1097),,,Single Cask 2020,Red Wine Cask Finish Whisky Messe Kyoto 2025,single_malt,,,61,true,,,,,2020,2025,2025,,,Ex-bourbon cask then red wine cask finish; unpeated,,,Liquor Mountain Whisky Messe Kyoto 2025,700ml,https://likaman.co.jp/event/whisky-messe/sokubai.html,"Organiser sale list (61%, 700ml, 19,800 yen).",,,
60,unresolved,Festival (third party),,Kanosuke Single Cask 2021 Nagahama Stout Cask WM2026 (Whisky Messe Kyoto 2026),嘉之助シングルカスク2021 長濱スタウトカスク WM2026,Kanosuke (E1097),Kanosuke (E1097),,,Single Cask 2021,Nagahama Stout Cask Whisky Messe Kyoto 2026,single_malt,,,,,,,,,2021,,2026,,,,,,,,https://auctions.yahoo.co.jp/,Yahoo closed listing title only; specs unknown.,,,
61,created,Travel retail,B57508,Single Malt Kanosuke THE STORY OF KANOSUKE - JAL Limited Edition,シングルモルト嘉之助 THE STORY OF KANOSUKE JAL Limited Edition,Kanosuke (E1097),Kanosuke (E1097),,,Single Malt The Story of Kanosuke,JAL Limited Edition,single_malt,,true,58,true,,,,,,,2024,4,1,"Single re-charred American white oak ex-Mellowed Kozuru shochu cask, 5 years; unpeated",,488,"JAL international in-flight pre-order and JMB lottery, 2024-04-01 to 05-31",700ml in a set with Mellowed Kozuru Excellence 180ml,https://kyodonewsprwire.jp/release/202403258468,"Producer press release 2024-03-25: 58%, 700ml, 488 sets, dates, 5 years in Mellowed Kozuru cask. Age is described in prose, not printed: statedAge null.",,,
62,no change,Travel retail,,Single Malt Kanosuke JAL LIMITED EDITION (2025 in-flight package),シングルモルト嘉之助 JAL LIMITED EDITION,Kanosuke (E1097),Kanosuke (E1097),,,Single Malt,JAL Limited Edition,single_malt,,,,,,,,,,,2025,11,1,,,,JAL international in-flight,700ml,https://kanosuke.com/blogs/news/20251101,"Producer describes it as a special package (two-crane label) of the flagship Single Malt Kanosuke. Same liquid, so the same Bottle (identity model package rule): add 'Single Malt Kanosuke JAL Limited Edition' as a Bottle reference on the core Single Malt; no new record.",,,
63,created,Travel retail,B57509,Single Malt Kanosuke JAL EXCLUSIVE DuMOL CASK FINISH,シングルモルト嘉之助 JAL EXCLUSIVE DuMOL CASK FINISH,Kanosuke (E1097),Kanosuke (E1097),,,Single Malt DuMOL Cask Finish,JAL Exclusive,single_malt,,true,,,,,,,,,2026,3,1,"Single Malt Kanosuke finished in Pinot Noir casks from DuMOL winery, Sonoma",,,JAL international First/Business pre-order and passenger online store,700ml (not stated),https://kanosuke.com/blogs/news/20260226,"Producer news: pre-order from 2026-02-25 for flights 2026-03-01 to 04-30; 27,000 yen. ABV not stated. JALUX 'SONGS OF CASKS' series.",,,
64,no change,Other,,The Conran Shop x Kanosuke '98% Common Sense' (2025),,Kanosuke (E1097),Kanosuke (E1097),,,Single Malt,98% Common Sense,single_malt,,,48,,,,,,,,2025,4,23,,,,,,https://kyodonewsprwire.jp/release/202504107182,"Producer press release: art label on Single Malt Kanosuke 48%, 700ml, 16,500 yen. Same liquid, so the same Bottle: add the label name as a reference on the core Single Malt; no new record.",,,
65,created,Other,B57510,Kanosuke Collaboration Series 01 KANOSUKE x SABUROMARU,嘉之助コラボレーションシリーズ 01 KANOSUKE × SABUROMARU,Kanosuke (E1097),Kanosuke (E1097); Saburomaru Distillery (E1978),,,Collaboration Series,01 Kanosuke × Saburomaru,blended_malt,,true,50,false,,,,,,,2026,6,18,,,,Japan,700ml,https://kanosuke.com/blogs/news/20260611,"Producer news: blended malt of Kanosuke and Saburomaru peated malt, 50%, 700ml, 22,000 yen, release 2026-06-18. Saburomaru's counterpart 'Ryuko' is a Saburomaru release (out of scope).",,,
66,created,Retailer/private single cask,B57511,KANOSUKE x Whiskypedia - Kanosuke HIOKI POT STILL SINGLE CASK 2026,KANOSUKE × ウイスキペディア 嘉之助 HIOKI POT STILL SINGLE CASK 2026,Kanosuke (E1097),Hioki Distillery (E367028),,,Hioki Pot Still Single Cask 2026,Kanosuke × Whiskypedia,single_pot_still,,true,65,true,true,,,,2021,2026,2026,5,,"Re-charred ex-Mellowed Kozuru shochu cask, about 4 years 7 months",,,Producer online lottery 2026-05-10 to 05-17,700ml (not stated),https://kyodonewsprwire.jp/release/202605018485,"Producer press release 2026-05-07: 65%, produced May 2021, 22,000 yen.",,,
67,created,Retailer/private single cask,B57512,Kanosuke 6 Year Old Manzanilla Cask - For LAWSON (Buyer's Choice),シングルモルト嘉之助 For LAWSON,Kanosuke (E1097),Kanosuke (E1097),,,Single Cask 2019 6-year-old,for Lawson,single_malt,6,,59,true,,,,,2019,2026,2026,5,,Manzanilla sherry cask; unpeated,,573,Lawson app members (pre-order 2026-04-28 to 05-11),700ml,https://www.lawson.co.jp/lab/campaign/kanosuke_buyersselect202605/,"Lawson campaign page; whisky-nights.com label read: Nov 2019 to Jan 2026, 59%, 573 bottles.",,,
68,created,Retailer/private single cask,B57513,[HUGE PRIVATE CASK] KANOSUKE SINGLE MALT PX CASK,嘉之助シングルモルト ペドロヒメネス・カスク HUGE創業20周年記念,Kanosuke (E1097),Kanosuke (E1097),,,Single Cask 2017 PX Cask 6-year-old,HUGE Private Cask,single_malt,6,,61,true,true,,,,2017,2025,2025,10,24,"Spanish oak Pedro Ximénez sherry cask, 6 years",,,HUGE restaurants (by the glass) and LA GALERIE wine shop,unknown,https://kanosuke.com/blogs/news/20251022,"Producer news with full spec: 61%, PX single cask, 6 years, 2017 spirit, served from 2025-10-24. Outturn unknown.",,,
69,created,Retailer/private single cask,B57514,"Kanosuke Single Malt Hotel Metropolitan Exclusive - Bar Orient Express, Cask No.19275",,Kanosuke (E1097),Kanosuke (E1097),,,Single Cask 2019 #19275 7-year-old,Hotel Metropolitan Exclusive,single_malt,7,,62,true,true,,,,2019,2026,2026,8,29,Ex-bourbon barrel; unpeated,19275,140,"Bar Orient Express, Hotel Metropolitan Tokyo Ikebukuro only",700ml,https://jpwhisky.net/newrelease-kanosuke-singlemalt-hotel-metropolitan-exclusive-60224/,"Dated release post 2026-08-28 (7yo, 62%, cask 19275, 140 bottles); 88bamboo announcement agrees.",,,
70,created,Retailer/private single cask,B57515,Single Malt Kanosuke Distillery Exclusive Single Cask No.19163 - Isetan,嘉之助蒸溜所×伊勢丹 シングルカスクウイスキー「19163」,Kanosuke (E1097),Kanosuke (E1097),,,Single Cask 2019 #19163,for Isetan,single_malt,,,,true,true,,,,2019,2022,2022,10,,"First-fill ex-bourbon barrel, 3.5 years; unpeated",19163,120,Mitsukoshi Isetan online lottery 2022-10-26 to 11-08,700ml,https://sakenews.jp/archives/29981393.html,"Article 2022-10-26 with spec (120 bottles, 26,400 yen); 88bamboo announcement agrees. ABV not stated.",,,
71,unresolved,Retailer/private single cask,,"Kanosuke x Isetan single cask (second cask) 60%, 211 bottles",,Kanosuke (E1097),Kanosuke (E1097),,,Single Cask,for Isetan,single_malt,,,60,,,,,,,,,,,,,211,,,https://auctions.yahoo.co.jp/,Yahoo summary only. Distinct from cask 19163 (120 bottles). Cask number and dates unknown.,,,
72,updated,Retailer/private single cask,B52296,Kanosuke Single Malt Takashimaya Buyers Selection Cask 19182,嘉之助シングルモルト 高島屋バイヤーズセレクション 19182,Kanosuke (E1097),Kanosuke (E1097),,,Takashimaya Buyers Selection,,single_malt,,,61,true,true,,,,2019,2023,,,,Bourbon barrel,19182,188,,,https://fril.jp/brand/7042/category/1510,"Only resale-index snippets (188 bottles, 61%); Takashimaya page 404. Existing values kept; rename to the single-cask pattern proposed but unverified. Distillers E1775 -> E1097 is the only safe change.",,,Facts unchanged; distillers Entity fix only.
73,created,Retailer/private single cask,B57516,Kanosuke Single Cask Yamakataya Selection 2022,嘉之助 シングルカスク 山形屋セレクション 2022,Kanosuke (E1097),Kanosuke (E1097),,,Single Cask 2019,Yamakataya Selection 2022,single_malt,,,58,true,,,,,2019,2022,2022,,,"White oak cask, 3+ years",,,"Yamakataya department store, Kagoshima",700ml,https://dekanta.com/products/kanosuke-single-cask-yamakataya-selection-2022,"Distributor page (2019, white oak, 58%, 70cl). Outturn '300' from a snippet only, not stored.",,,
74,created,Retailer/private single cask,B57517,"Single Malt Kanosuke [2018-2022] for SHINANOYA 15th Anniversary, cask #19420",,Kanosuke (E1097),Kanosuke (E1097),,,Single Cask 2018 #19420 3-year-old,for Shinanoya 15th Anniversary,single_malt,3,,,true,,,,,2018,2022,2023,1,20,Ex-bourbon then red wine cask,19420,,"Shinanoya, Tokyo",700ml,https://www.shinanoya-tokyo.jp/view/news/20230117155757,"Retailer notice: cask #19420, [2018-2022] 3yo, sale 2023-01-20. ABV and outturn not captured.",,,
75,created,Retailer/private single cask,B57518,"Single Malt Kanosuke 'The Dreams' [2019] 5yo for KIMURA & KINKO, SHINANOYA, cask #19352",,Kanosuke (E1097),Kanosuke (E1097),,,Single Cask 2019 #19352 5-year-old,The Dreams,single_malt,5,,57,true,,,,,2019,2025,2025,6,,First-fill Spanish oak PX sherry butt,19352,,"Shinanoya (Tokyo), Kinko (Kagoshima), Liquorland Kimura (Hiroshima); lottery 2025-06-20",700ml,https://www.shinanoya-tokyo.jp/view/item/000000021564,"Retailer page (cask #19352, 5yo, PX); 57% from a snippet.",,,
76,created,Retailer/private single cask,B57519,Kanosuke 2018 Single Red Wine Cask #22000 - Imadeya,嘉之助 赤ワインカスクフィニッシュ 2023 (いまでや),Kanosuke (E1097),Kanosuke (E1097),,,Single Cask 2018 #22000,for Imadeya,single_malt,,,57,true,,,,,2018,2023,2023,2,,"Finished in an ex-red wine cask from Camel Farm Winery, Hokkaido",22000,255,"Imadeya, Chiba",700ml,https://imadeya.co.jp/products/8184354603173,"Retailer page (57%, 255 bottles, 27,500 yen); auction descriptions: distilled Dec 2018, bottled Feb 2023, cask #22000. Imadeya describes a vatting finished in the wine cask while auctions call it single cask: singleCask kept true on the cask-number evidence, flagged.",,,
77,unresolved,Retailer/private single cask,,Kanosuke 2018 Single Cask Finish #20373 - Imadeya (possibly Kanosuke x Heiwa Craft IPA cask finish),,Kanosuke (E1097),Kanosuke (E1097),,,Single Cask 2018 #20373,for Imadeya,single_malt,,,,,,,,,2018,,,,,,20373,,,,https://imadeya.co.jp/collections/kanosuke,Auction title and Imadeya list title only; specs unknown.,,,
78,unresolved,Retailer/private single cask,,"Kanosuke Single Malt for Katsunuma (produced with Imadeya), 56%",,Kanosuke (E1097),Kanosuke (E1097),,,Single Malt,for Katsunuma,single_malt,,,56,,,,,,,,,,,,,,,,https://raremaltsnco.com/products/kanosuke-single-malt-japanese-whisky-for-katsunuma-56-abv-700ml,Reseller listing only.,,,
79,created,Retailer/private single cask,B57520,Single Malt Kanosuke 2019-2023 for Three Rivers 20th - Mellowed Kozuru cask No.19133,,Kanosuke (E1097),Kanosuke (E1097),,,Single Cask 2019 #19133,for Three Rivers 20th Anniversary,single_malt,,,50,true,,,true,,2019,2023,2023,,,Re-charred Mellowed Kozuru shochu cask; unpeated,19133,,"Three Rivers, Tokyo",700ml,https://shop.buzaemon.jp/products/516669,"Retailer titles carry cask No.19133 and 50%. Outturn 684 from a snippet only, not stored.",,,
80,created,Retailer/private single cask,B57521,Kanosuke 2019 Single Cask #19146 - Ken's Choice,,Kanosuke (E1097),Kanosuke (E1097),,,Single Cask 2019 #19146,Ken's Choice,single_malt,,,60,true,,,,,2019,2022,2022,,,Ex-bourbon barrel,19146,186,Japan (Ken's Bar),700ml,https://www.wvawhiskyauctions.co.uk/lot-651245/kanosuke-2019-single-cask-19146-kens-choice,"Auction lot read: distilled Apr 2019, bottled Sep 2022, 60%, ex-bourbon, one of 186. Who 'Ken' is: unverified.",,,
81,created,Retailer/private single cask,B57522,Kanosuke 2018 4 Year Old Peated Single Cask #19030 - Aloha Whisky Bar 4th Anniversary,,Kanosuke (E1097),Kanosuke (E1097),,,Single Cask 2018 #19030 Peated 4-year-old,for Aloha Whisky Bar 4th Anniversary,single_malt,4,,,true,,,,,2018,2023,2023,8,,Single ex-bourbon cask; peated,19030,,"Aloha Whisky Bar, Ikebukuro",700ml,https://88bamboo.co/blogs/whisky-reviews/kanosuke-2018-4-years-old-peated-malt-single-cask-19030-bottled-for-aloha-whisky-bar-4th-anniversary,Review 2023-11-13 with title facts; 192 bottles and ABV from auction snippet only (not stored). Index agent thinks this may be an Owner's Club 28 L cask.,,,
82,created,Retailer/private single cask,B57523,Kanosuke 2018 5 Year Old Peated Single Cask - Bar Minmore House 15th Anniversary,,Kanosuke (E1097),Kanosuke (E1097),,,Single Cask 2018 Peated 5-year-old,for Bar Minmore House 15th Anniversary,single_malt,5,,58,true,,,,,2018,,,,,First-fill ex-bourbon barrel; heavily peated,,217,,700ml,https://www.whiskyshop.com/auctions/a108964-kanosuke-2018-5-year-old-minmore-house-15th-anniversary,"Auction lot read (58%, 217 bottles). Bottling and release year not stated.",,,
83,created,Retailer/private single cask,B57524,"Kanosuke Single Cask for SAKANANBAR (relocation), 2019, Spanish oak, 61%",嘉之助 シングルカスク for SAKANANBAR 移転記念,Kanosuke (E1097),Kanosuke (E1097),,,Single Cask 2019 4-year-old,for SAKANANBAR,single_malt,4,,61,true,,,,,2019,,,,,New Spanish oak cask,,316,"SAKANANBAR, Saga",700ml,https://fishborn.thebase.in/items/79490715,"Sample listing and Rakuten resale (316 bottles, 61%). Fishborn writes 嘉之介; verify label. Bottling year not stated.",,,
84,created,Retailer/private single cask,B57525,"Kanosuke 2019-2023 BAR Cask Strength 20th Anniversary PX, cask #19354",,Kanosuke (E1097),Kanosuke (E1097),,,Single Cask 2019 #19354,BAR Cask Strength 20th Anniversary,single_malt,,,61,true,,,,,2019,2023,2023,,,Single Pedro Ximénez sherry cask,19354,564,,700ml,https://paypayfleamarket.yahoo.co.jp/item/z283700342,"Resale listing (61%, 564 bottles) and Whisky Hammer lot 168823 summary (distilled Aug 2019, bottled Jun 2023, PX #19354). Which bar 'Cask Strength' is: unverified.",,,
85,created,Retailer/private single cask,B57526,Kanosuke Single Cask 2020-2025 #21056 for Highlander Inn 20th Anniversary,,Kanosuke (E1097),Kanosuke (E1097),,,Single Cask 2020 #21056,for Highlander Inn 20th Anniversary,single_malt,,,,true,,,,,2020,2025,2025,,,Ex-Booker's bourbon cask,21056,,,,https://theultimatespirits.jp/,"Rudder online shop product page read by the index agent (cask #21056, 2020, Booker's ex-bourbon). ABV and outturn not captured; exact URL to re-locate.",,,
86,created,Retailer/private single cask,B57527,Kanosuke Single Cask 2020 5 Years Heavily Peated First-Fill Bourbon - for CLAUDE WHISKY,,Kanosuke (E1097),Kanosuke (E1097),,,Single Cask 2020 Heavily Peated 5-year-old,for Claude Whisky,single_malt,5,,60,true,,,,,2020,2025,2026,9,,First-fill ex-bourbon barrel; heavily peated,,197,"Claude Whisky, Gifu",700ml,https://en.jpwhisky.net/kanosuke-distillery-single-cask2020-5-years-heavily-peated-first-fill-bourbon-caskfor-claude-whisky-2-60503/,"Review with spec table (60%, 197 bottles, 2020/2025). Release about Sept 2026.",,,
87,unresolved,Retailer/private single cask,,Kanosuke Sogo Yokohama 40th Anniversary Sherry Quarter Cask 61%,嘉之助蒸溜所 そごう横浜40周年限定コラボ Sherry Quarter Cask,Kanosuke (E1097),Kanosuke (E1097),,,Single Cask,Sogo Yokohama 40th Anniversary,single_malt,,,61,,,,,,,,2025,,,,,,,,https://auctions.yahoo.co.jp/,Yahoo lot titles only.,,,
88,unresolved,Retailer/private single cask,,Kanosuke 2019 Single Cask #22432 Re-Charred x Red Wine - Bar Barns 22nd Anniversary,,Kanosuke (E1097),Kanosuke (E1097),,,Single Cask 2019 #22432,for Bar Barns 22nd Anniversary,single_malt,,,61,,,,,,2019,2024,,,,,22432,276,,,,Whiskybase row snippet only; no readable page.,,,
89,unresolved,Retailer/private single cask,,Kanosuke Single Malt for Bar Kitchen 20th,,Kanosuke (E1097),Kanosuke (E1097),,,Single Malt,for Bar Kitchen 20th,single_malt,,,,,,,,,,,2024,,,,,,,,https://www.instagram.com/whisky_bar_josui/p/C3He7vevFJW/,Instagram post only.,,,
90,unresolved,Retailer/private single cask,,Kanosuke Madeira Wine Cask Finish 2021-2025 (Blandy's Bual 2002 cask) 60%,,Kanosuke (E1097),Kanosuke (E1097),,,Madeira Wine Cask Finish,,single_malt,,,60,,,,,,,,2025,,,,,,,,https://bartetu.com/archives/9397,Bar blog (2022) describes an 11-month Madeira finish from Feb 2021; Yahoo title says 2021-2025. Possibly two releases; marketer unknown.,,,
91,created,Retailer/private single cask,B57528,Single Malt Kanosuke SHIROYAMA HOTEL kagoshima 60th ANNIVERSARY SELECTION,シングルモルト嘉之助 SHIROYAMA HOTEL kagoshima 60th ANNIVERSARY SELECTION,Kanosuke (E1097),Kanosuke (E1097),,,Single Malt,Shiroyama Hotel Kagoshima 60th Anniversary Selection,single_malt,,true,,,,,,,,2023,2023,3,23,"Re-charred ex-Mellowed Kozuru cask 3 years, then 2 years in a white wine cask from a Burgundy producer",,,Shiroyama Hotel Kagoshima (restaurants and hotel shop),700ml,https://prtimes.jp/main/html/rd/p/000000033.000080378.html,"Hotel press release 2023-03-22: 22,000 yen, 60 bottles for sale in the hotel shop (not the total outturn; also poured in restaurants), released 2023-03-23 with a Mars Tsunuki cask T465. ABV not stated.",,,
92,unresolved,Retailer/private single cask,,Kanosuke Single Malt Rechar x Bourbon 2018-2023 58%,,Kanosuke (E1097),Kanosuke (E1097),,,,,single_malt,,,,,,,,,,,,,,,,,,,https://auctions.yahoo.co.jp/,Yahoo closed lot title only (c1239007285).,,,
93,unresolved,Retailer/private single cask,,KANOSUKE 2018 5-year Heavily Peated Bourbon Barrel 58%,,Kanosuke (E1097),Kanosuke (E1097),,,,,single_malt,,,,,,,,,,,,,,,,,,,https://auctions.yahoo.co.jp/,Yahoo lot title only (b1213577976); may be the Bar Minmore House bottle.,,,
94,unresolved,Retailer/private single cask,,Kanosuke 2020-2025 IPA Cask 58% - for Kyoto Fine Wine and Spirits 5th anniversary,,Kanosuke (E1097),Kanosuke (E1097),,,Single Cask 2020,for Kyoto Fine Wine and Spirits 5th Anniversary,single_malt,,,58,,,,,,2020,2025,,,,,,,,,https://singlemalt-whisky.net/tastingnotes/8490/,Tasting-note title from search only; page not read.,,,
95,created,Export single cask,B57529,Kanosuke Single Malt IPA Cask #18162 - High Road Spirits Selection,,Kanosuke (E1097),Kanosuke (E1097),,,Single Cask #18162 IPA Cask,High Road Spirits Selection,single_malt,,,57,true,,,,,,,,,,"45 months in an ex-bourbon barrel, then 16 months in an IPA cask (Rise & Win Brewing, Tokushima)",18162,,USA (importer High Road Spirits),700ml,https://www.highroadspirits.com/kanosuke-distillery,"Importer page: 57%, cask #18162, cask regime, '210 bottles' for the US (US allocation, not proven total: outturn null). Age given in months only. Dates unknown.",https://www.highroadspirits.com/kanosuke-distillery,highroadspirits.com: all rights reserved; identity evidence only,
96,created,Export single cask,B57530,Kanosuke Single Malt Cask #19276 - Astor Wines Selection,,Kanosuke (E1097),Kanosuke (E1097),,,Single Cask #19276,Astor Wines Selection,single_malt,,,61,true,,,,,,,,,,One ex-bourbon barrel for close to 5 years; about 10% Carabohemian malt,19276,,"USA (Astor Wines & Spirits, New York)",700ml,https://www.highroadspirits.com/kanosuke-distillery,"Importer page: 61%, cask #19276, '192 bottles' for the US (allocation; outturn null). Dates unknown.",https://www.highroadspirits.com/kanosuke-distillery,highroadspirits.com: all rights reserved; identity evidence only,
97,created,Export single cask,B57531,Kanosuke Single Malt Cask #18120 - K&L Wine Merchants Selection,,Kanosuke (E1097),Kanosuke (E1097),,,Single Cask #18120,for K&L Wine Merchants,single_malt,,,58,true,,,,,,,2024,,,"37 months in a re-charred ex-Mellowed Kozuru shochu barrel, then about 2 years in an ex-bourbon barrel",18120,,"USA (K&L Wine Merchants, California)",700ml,https://www.highroadspirits.com/kanosuke-distillery,"Importer page: 58%, cask #18120, 'third single cask release for the American market in 2024', '216 bottles' for the US (allocation; outturn null).",https://www.highroadspirits.com/kanosuke-distillery,highroadspirits.com: all rights reserved; identity evidence only,
98,created,Export single cask,B57532,Kanosuke 'A Pacific Ocean Collaboration' Cask #18014 - K&L Wine Merchants & Acorn Ltd,,Kanosuke (E1097),Kanosuke (E1097),,,Single Cask #18014 5-year-old,A Pacific Ocean Collaboration,single_malt,5,,56,true,true,,true,,,,,,,"33 months in an ex-bourbon barrel, then 32 months in an ex-Cognac cask; lightly peated (distilled between a peated and unpeated run)",18014,,USA (K&L Wine Merchants) and Japan (Acorn Ltd),700ml,https://www.highroadspirits.com/kanosuke-distillery,"Label photo on the importer page read 2026-09-18: 'A Pacific Ocean Collaboration, Cask # 18014, 5 years 5 months, 33 months ex-bourbon barrel + 32 months ex-cognac cask, Cask Strength, Non-Chill Filtered, 700ml, 56% abv', K&L and Acorn logos. The importer text's '18104' and the resellers' '#21494 57%' are wrong. Outturn conflicts (264 US, 504, 530): null. Release year not proven (K&L says selected 2024).",https://www.highroadspirits.com/kanosuke-distillery,highroadspirits.com: all rights reserved; identity evidence only,
99,created,Export single cask,B57533,Kanosuke 2020 - 1st Fill Bourbon Cask #20496 - Exclusive to The Whisky Exchange,,Kanosuke (E1097),Kanosuke (E1097),,,2020 1st Fill Bourbon Cask #20496,Exclusive to The Whisky Exchange,single_malt,,,61,true,true,,true,,2020,2024,2024,,,First-fill ex-bourbon barrel,20496,210,UK (The Whisky Exchange),700ml,https://www.thewhiskyexchange.com/p/81835/kanosuke-2020-1st-fill-bourbon-cask-20496-exclusive-to-the-whisky-exchange,"TWE product page (site blocks fetch tools; facts from its search-index spec block: 61%, 2024, 210 bottles, cask 20496, 165 GBP). Read the page in a browser before writing. Possibly the first 'Brush Stroke' cask, not proven.",,,
100,updated,Export single cask,B47285,Kanosuke 2018 Bourbon Cask 19044 Peated - The Whisky Exchange 'Brush Stroke',,Kanosuke (E1097),Kanosuke (E1097),,,2018 Bourbon Cask 19044 Peated,Brush Stroke,single_malt,7,,57,true,,,,50,2018,2025,2026,8,,First-fill ex-bourbon cask,19044,156,UK (The Whisky Exchange),700ml,https://wordsofwhisky.com/kanosuke-dingle-meikle-toir-the-whisky-exchange/,"Review 2026-08-19: final release of TWE's Brush Stroke series, first-fill bourbon, 50 ppm, 57%, 165 GBP; whiskynotes.be: 7 yo 2018, bottled 2025, cask #19044, 156 bottles. TWE page itself unreadable by tools.",,,Bottler currently E1097 (wrong: official bottling selected by TWE). Current name is an auto-generated string; edition 'Cask #19044' dropped because the cask is in the name. caskNumber currently null -> 19044. Series S0373 Brush Stroke is a retailer programme name (identity model rule 5): move it to edition and delete the Series (needs approval).
101,updated,Export single cask,B47572,Kanosuke Single Cask #19466 - The Awakening Series (Kirsch Import),,Kanosuke (E1097),Kanosuke (E1097),,,Single Cask #19466,The Awakening Series,single_malt,,,57,true,true,,,,,2025,2025,10,,Sherry cask (retailers: 2018 Oloroso quarter cask; not printed on the label),19466,108,"Germany (Kirsch Import, Whisky Live Germany 2025)",700ml,https://www.whiskynotes.be/2025/japan-whisky/kanosuke-awakening-series/,"Review 2025-11-13: OB 'Awakening Series' for Kirsch Import 2025, cask #19466, 108 bottles, no age/vintage on label; whisky-erlebnis-ol.de: Whisky Live Germany exclusive, from Oct 2025.",,,"Bottler currently E1097 (wrong). Vintage 2018 is a retailer claim, not on label: propose null. Series S0424 'The Awakening Series' is Kirsch Import's multi-distillery series, not a Kanosuke range: propose delete (needs approval) and keep the name in edition."
102,updated,Independent bottling,B47573,The Heart Cut #21 Kanosuke - Bottled exclusively for The Whisky Show 2025,,The Heart Cut (E365867),Kanosuke (E1097),The Heart Cut (E365867),,Kanosuke,#21,single_malt,5,,54,true,,true,true,,2019,2025,2025,,,Ex-bourbon quarter cask,,150,"UK (The Whisky Show 2025, The Whisky Exchange)",500ml,https://theheartcut.com/products/21-kanosuke,"Bottler page read 2026-09-18: 150 bottles, ex-bourbon quarter cask, distilled Nov 2019, bottled Apr 2025, 54%, NCF, no colouring. Retailer titles print '5 Year Old'; the bottler page does not: statedAge kept, flagged.",https://theheartcut.com/products/21-kanosuke,theheartcut.com: no reuse licence published; identity evidence only,"Brand change Kanosuke -> The Heart Cut needs approval; matches the other 17 Heart Cut records (Brand The Heart Cut, name = distillery, edition = number)."
103,updated,Export single cask,B47581,"Kanosuke Casa de Vinos 15th Anniversary (Australia, 2025)",,Kanosuke (E1097),Kanosuke (E1097),,,Casa de Vinos 15th Anniversary,,single_malt,,,60,true,,,,,2021,2025,2025,,,Bourbon oak,,,Australia (importer Casa de Vinos; sold as a pack with a Chichibu),700ml,https://kentstreetcellars.com.au/products/chichibu-kanosuke-casa-de-vinos-15th-anniversary-pack-2025-2x700ml,"Australian retailer listings: bourbon oak, 60%, 196 bottles; Peated record says 198 (conflict: propose null). Casa de Vinos site blocks fetch tools.",,,Bottler currently E1097 (wrong). Category null -> single_malt.
104,unresolved,Export single cask,B47559,Kanosuke 'Nouveau Beginnings' 2020/2024 sherry cask #24270 59% - for Whisky Abbey (Casa de Vinos),,Kanosuke (E1097),Kanosuke (E1097),,,Nouveau Beginnings,,single_malt,,,59,true,,,,,2020,,2024,,,Sherry,24270,,"Australia (Casa de Vinos, Whisky Abbey 2024)",,https://www.casadevinos.com.au/brand/kanosuke/,"The record's import reference reads 'for Whisky Abbey'; Casa de Vinos' brand page (search snippet) describes its 'first-ever fully sherry-matured single cask for Australia' debuting at Whisky Abbey 2024. Likely the same bottle, but no readable page names 'Nouveau Beginnings'. Keep as is until the Casa de Vinos page is read in a browser.",,,Bottler currently E1097 (wrong) - safe to clear.
105,created,Export single cask,B57534,Kanosuke 2022 Distiller's Choice Single Cask #17011 Sherry Butt (Hong Kong Edition),,Kanosuke (E1097),Kanosuke (E1097),,Distiller's Choice (S943),Distiller's Choice Single Cask #17011,Hong Kong Edition 2022,single_malt,,,58,true,,,,,2017,2022,2022,,,Sherry butt,17011,583,Hong Kong (importer AFTrade),700ml,https://www.thewhiskyshop.com.sg/products/kanosuke-2022-distillers-choice-single-cask-17011-sherry-butt-whisky-abv-58-700ml,"Reseller page read: distilled Dec 2017, bottled Mar 2022, 58%, 583 bottles (its title wrongly says 'Distilled 2019'); whiskyfun.com agrees (58%, for AF Trade, cask #17011, 583 bottles).",,,
106,created,Export single cask,B57535,Kanosuke 2022 Distiller's Choice Cask #19170 Bourbon Barrel (Singapore Edition),,Kanosuke (E1097),Kanosuke (E1097),,Distiller's Choice (S943),Distiller's Choice Single Cask #19170,Singapore Edition 2022,single_malt,,,61,true,,,,,2019,2022,2022,,,Ex-bourbon barrel,19170,190,Singapore,700ml,https://www.theliquorshop.com.sg/products/singapore-edition-kanosuke-2022-distillers-choice-cask-19170-bourbon-barrel-abv-61-700ml,"Retailer page: distilled May 2019, bottled Sep 2022, 61%, 190 bottles; whiskyfun.com agrees.",,,
107,created,Export single cask,B57536,Kanosuke 2019-2022 Single Cask #19225 Distiller's Choice (China market),,Kanosuke (E1097),Kanosuke (E1097),,Distiller's Choice (S943),Distiller's Choice Single Cask #19225,China Edition 2022,single_malt,,,60,true,,,,,2019,2022,2022,,,Sherry butt,19225,562,China,700ml,https://mandedrinks.myshopify.com/products/kanosuke-2019-2022-single-cask-19225-distillers-choice,"Reseller page read (60%, 562 bottles, sherry butt, 'for the Chinese market'). Edition wording 'China Edition' is inferred from the range pattern; confirm on the label.",,,
108,created,Export single cask,B57537,Kanosuke Single Malt Distiller's Choice 2023 #19069 - AFTrade x Tiffany's New York Bar (Hong Kong),,Kanosuke (E1097),Kanosuke (E1097),,Distiller's Choice (S943),Distiller's Choice 2023 Single Cask #19069,for Tiffany's New York Bar,single_malt,,,60,true,,,,,2019,2023,2023,,,"Sherry butt more than 3 years, finished 3 months in an ex-bourbon hogshead",19069,255,Hong Kong (AFTrade),700ml,https://www.aft-liquor.com/products/kanosuke-single-malt-distillers-choice-2023-19069-alc-60-700ml,"Importer page: distilled Oct 2019, bottled May 2023, 60%, 255 bottles, HK$3,680; 88bamboo announcement 2023-04-29.",,,
109,updated,Export single cask,B52450,Kanosuke 2018 #18176 Single Cask 58% - Taiwan Edition,,Kanosuke (E1097),Kanosuke (E1097),,,Single Cask #18176,Taiwan Edition,single_malt,,true,58,true,,,true,,2018,2022,,,,Bourbon barrel,18176,,Taiwan,700ml,https://raremaltsnco.com/products/kanosuke-2018-18176-single-cask-japanese-whisky-58-abv-700ml,"Reseller listing only ('Taiwan Ed.', 58%). The record's description says distilled Nov 2018, bottled Aug 2022, Taiwan exclusive. Series membership in Distiller's Choice is likely (2022 Asia programme) but unproven: leave series null until the label is read.",,,Bottler currently E1775 (wrong). Distillers E1775 -> E1097. Name change from the generic 'Single Malt Japanese Whisky' proposed. Existing image: check sourceUrl/license.
110,created,Export single cask,B57538,"Kanosuke 'Mizunara 10th Anniversary' Single Malt Single Cask (Knob Creek rye cask), 53%",,Kanosuke (E1097),Kanosuke (E1097),,,Single Cask,Mizunara 10th Anniversary,single_malt,,,53,true,,,,,,2025,2025,,,58 months in a first-fill Knob Creek rye cask,,222,"Hong Kong, Singapore, Japan (Mizunara: The Shop)",700ml,https://www.mizunaratheshop.com/products/kanosuke-2025-mizunara-private-single-malt-single-cask-japanese-whisky,"Retailer page read (53%, 222 bottles, Knob Creek rye cask); whisky-nights.com agrees. Cask number not shown.",,,
111,created,Export single cask,B57539,"Kanosuke 'Rainbow Girl' Single Malt Single Cask - for Mizunara, 61%",,Kanosuke (E1097),Kanosuke (E1097),,,Single Cask 2020,The Rainbow Girl,single_malt,,,61,true,,,,,2020,2026,2026,,,About 3 years in an ex-shochu cask then 2 years in a red wine cask,,258,"Hong Kong, Singapore, Japan (Mizunara: The Shop)",700ml,https://www.mizunaratheshop.com/products/kanosuke-single-malt-shochu-and-red-wine-cask-japanese-whisky,"Retailer page read: distilled Sep 2020, bottled May 2026, 61%, 258 bottles, label 'The Rainbow Girl' by Saumya Bharati.",,,
112,unresolved,Independent bottling,,Kanosuke 2018 4 Year Old Single Cask #20463 - Thompson Bros (UK) / 'Japanese Trail' for The Whisky Crew (Japan),,Kanosuke (E1097),Kanosuke (E1097),Thompson Bros (no Entity; unresolved),,Kanosuke 2018 4-year-old,Cask #20463,single_malt,4,,58,true,,,,,2018,2022,2023,2,,"Ex-Mellowed Kozuru shochu cask, re-racked into ex-bourbon",20463,243,UK (Thompson Bros with Kimura Co.); Japan (The Whisky Crew),,https://www.thompsonbrosdistillers.com/2023/02/06/kanosuke-x-thompson-bros-and-tony-reeman-clarkss-private-strathearn/,"Bottler's own post (58%, 243 bottles, first UK bottling); The Whisky Shop auction lot A68414 reads cask 20463, 243 bottles. The Whisky Crew 'Japanese Trail' 4yo 2018-2022 58% (kuririn review, dekanta) appears to be the same cask under a Japanese label. One or two Bottles: decision needed after reading both labels.",,,
113,created,Independent bottling,B57540,"Kanosuke 2018 Ghost Series #16 - 3 Year Old Chardonnay Cask Finish, cask #20081",,The Ghost Series (E367029),Kanosuke (E1097),The Ghost Series (E367029),,Kanosuke 2018 3-year-old,No. 16,single_malt,3,,58,true,,,,,2018,2022,2022,,,"First-fill ex-bourbon barrel 3 years, finished in a refill Chardonnay barrique",20081,271,Japan (Whisky Mew),700ml,https://88bamboo.co/blogs/whisky-reviews/kanosuke-2018-ghost-series-3-year-old-chardonnay-cask-finish-58-abv-bottled-by-stefan-van-eycken,"Review with spec (Jun 2018 to Apr 2022, 58%, 271 bottles). Ghost Series number 16 from the index agent; confirm on whiskymew.jp/article/the-ghost-series.html.",,,"Identity model rule 4 (independent bottler's label): Brand and bottler The Ghost Series. Existing Karuizawa, Ryuka and Time Slip Ghost Series records use the older shape (distillery Brand, Ghost Series Series, bottler Nonjatta) and are a cleanup candidate. Series number 16 still to be confirmed on whiskymew.jp."
114,created,Independent bottling,B57541,The Ghost Series #23a - Kanosuke Hioki Pot Still (cask HG088),,The Ghost Series (E367029),Kanosuke (E1097),The Ghost Series (E367029),,Kanosuke Hioki Pot Still,No. 23a,single_pot_still,,,64,true,,,,,,2025,2025,3,,"New medium-char American white oak puncheon, 42 months",HG088,200,"USA (on-premise, $250) and Japan",700ml (US 750ml listing),https://whiskyadvocate.com/Japanese-Whisky-Ghost-Series-Makes-Its-US-Debut,"Whisky Advocate 2025-02-25 (cask numbers, ABV, outturns); 88bamboo news with months and Japanese titles. Cask spelling HG088 vs HG0088 conflicts between sources.",https://www.highroadspirits.com/kanosuke-distillery,highroadspirits.com: all rights reserved; identity evidence only,
115,created,Independent bottling,B57542,The Ghost Series #23b - Kanosuke Hioki Pot Still (cask HG0287),,The Ghost Series (E367029),Kanosuke (E1097),The Ghost Series (E367029),,Kanosuke Hioki Pot Still,No. 23b,single_pot_still,,,64,true,,,,,,2025,2025,3,,"First-fill ex-bourbon barrel, 37 months",HG0287,200,"USA (on-premise, $250) and Japan",700ml (US 750ml listing),https://whiskyadvocate.com/Japanese-Whisky-Ghost-Series-Makes-Its-US-Debut,"Whisky Advocate 2025-02-25 (cask numbers, ABV, outturns); 88bamboo news with months and Japanese titles. Cask spelling HG088 vs HG0088 conflicts between sources.",https://www.highroadspirits.com/kanosuke-distillery,highroadspirits.com: all rights reserved; identity evidence only,
116,created,Independent bottling,B57543,The Ghost Series #23c - Kanosuke Double Distillery Single Marriage Cask (cask PL04),,The Ghost Series (E367029),Kanosuke (E1097),The Ghost Series (E367029),,Kanosuke Double Distillery Single Marriage Cask,No. 23c,blend,,,61,false,,,,,,2025,2025,3,,"Hioki pot still single casks married with Kanosuke single malt, then 10 months in a fresh Komasa umeshu cask",PL04,570,"USA (on-premise, $250) and Japan",700ml (US 750ml listing),https://whiskyadvocate.com/Japanese-Whisky-Ghost-Series-Makes-Its-US-Debut,"Whisky Advocate 2025-02-25 (cask numbers, ABV, outturns); 88bamboo news with months and Japanese titles. Cask spelling HG088 vs HG0088 conflicts between sources.",https://www.highroadspirits.com/kanosuke-distillery,highroadspirits.com: all rights reserved; identity evidence only,
117,created,Independent bottling,B57544,Kanosuke 2019 6 Year Old Single Cask #TC001 'Drifters - Toyohisa Shimazu' - Whisky Mew,,Whisky Mew (E367030),Kanosuke (E1097),Whisky Mew (E367030),,Kanosuke 2019 6-year-old,Drifters Toyohisa Shimazu,single_malt,6,,58,true,,,,,2019,2025,2025,8,,"4 years in Mellowed Kozuru rice-shochu casks, re-racked May 2023 into an ex-Scotch whisky cask",TC001,270,Japan,700ml,https://whisky-nights.com/kanosuke-2019-6-year-old-single-cask-tc001-drifters-toyohisa-shimazu-whisky-mew/,"Retailer page with label read (Apr 2019, 58%, 270 bottles, cask #TC001). PR Times release 2025-09-26 (prtimes.jp/main/html/rd/p/000001642.000002610.html) was issued by Shogakukan-Shueisha Productions (ShoPro): cask selected by Hideo Yamaoka, sold by lottery on Whisky Mew (147 bottles), 26,950 yen. Bottler could be ShoPro or Whisky Mew: decision needed.",https://whisky-nights.com/kanosuke-2019-6-year-old-single-cask-tc001-drifters-toyohisa-shimazu-whisky-mew/,whisky-nights.com: no reuse without permission; not downloaded,
118,created,Independent bottling,B57545,Kanosuke 2019-2023 Heavily Peated Re-charred Puncheon 62% - T&T Toyama Collection for Maltoyama 10th Anniversary,,T&T Toyama (E5375),Kanosuke (E1097),T&T Toyama (E5375),,Kanosuke 2019,for Maltoyama 10th Anniversary,single_malt,,,62,true,,,,,2019,2023,2023,,,Re-charred puncheon; heavily peated,,510,Japan,700ml,https://en.jpwhisky.net/kanosuke-tt-2-37720/,"Review with spec (62%, 510 bottles, 22,000 yen). Check how T&T Toyama Bottles are named elsewhere in Peated before writing.",,,
119,created,Owner's Cask,B57546,KANOSUKE OWNER'S CASK 2026 - Bar Espace Rassurants (cask Legacy02),,Kanosuke (E1097),Kanosuke (E1097),,,Owner's Cask 2020,Legacy02 for Bar Espace Rassurants,single_malt,,,,true,,,,,2020,2026,2026,,,Ex-bourbon cask,Legacy02,198,,,https://barespace.base.shop/items/139620101,"Bar shop listing read (Nov 2020 to Apr 2026, 198 bottles, 22,000 yen). ABV not stated.",,,"Owner's Cask bottle sold to the public as labelled bottles by the owner's bar or shop, so a marketed release under the identity model."
120,created,Owner's Cask,B57547,"Kanosuke 2020 Owners Club for Mizunara - sherry cask, 63%, 22 bottles",,Kanosuke (E1097),Kanosuke (E1097),,,Owners Club 2020,for Mizunara,single_malt,,,63,true,,,,,2020,2023,,,,"French oak sherry cask, 28 L",,22,,,https://www.mizunaratheshop.com/collections/kanosuke-single-malt-japanese-whisky/cask_single-cask,Retailer page (18 Jun 2020 to 28 Jul 2023); sold by Mizunara: The Shop.,,,"Owner's Cask bottle sold to the public as labelled bottles by the owner's bar or shop, so a marketed release under the identity model."
121,out of scope,Owner's Cask,,"Kanosuke Owners Club 2019 - Exclusively for Sushi+Soul (Munich), 50%, 33 bottles",,Kanosuke (E1097),Kanosuke (E1097),,,Owners Club 2019,for Sushi+Soul,single_malt,,,50,true,,,,,2019,,,,,28 L sherry cask,,33,,,https://www.bonhams.com/auction/31491/lot/183/kanosuke-owners-club-2019-1x-70cl/,"Bonhams lot (bottle 11 of 33, 50%); jwhisky.de says 31 bottles (conflict). Restaurant-only bottle; no public sale found.",,,"Owner's Club cask never offered to the public as labelled bottles (bar-only pours or private), so not a release under the identity model."
122,out of scope,Owner's Cask,,"KANOSUKE Owner's Club for BAR Shinkai - 28 L French oak, 64%, 21 bottles",,Kanosuke (E1097),Kanosuke (E1097),,,Owner's Club 2021,for BAR Shinkai,single_malt,,,64,true,,,,,2021,2024,,,,"28 L French oak medium char, 3 years",,21,,,https://en.jpwhisky.net/kanosuke-ownersclub-for-shinkai-2-48490/,Owner's own review with spec; bar only.,,,"Owner's Club cask never offered to the public as labelled bottles (bar-only pours or private), so not a release under the identity model."
123,out of scope,Owner's Cask,,"Kanosuke 2019 Owner's Cask by @Moos_Whisky - 25 L PX cask, 25 bottles",,Kanosuke (E1097),Kanosuke (E1097),,,Owner's Cask 2019,for Moos_Whisky,single_malt,,,,true,,,,,2019,,,,,"25 L PX sherry cask, 3 years",,25,,,https://88bamboo.co/blogs/features/straight-from-the-owners-cask-kanosuke-2019-by-moos_whisky,Feature article; ABV not stated; private owner.,,,"Owner's Club cask never offered to the public as labelled bottles (bar-only pours or private), so not a release under the identity model."
124,unresolved,Owner's Cask,,"Kanosuke Single Cask #20466, 2018 (Bonhams)",,Kanosuke (E1097),Kanosuke (E1097),,,Single Cask 2018 #20466,,single_malt,,,,,,,,,2018,,,,,,20466,,,,https://www.bonhams.com/,Search snippet only; who marketed it unknown.,,,Lead only.
125,out of scope,New Born / New Pot,,"KANOSUKE NEW BORN 2018 (White Oak Cask, 8 months)",嘉之助 ニューボーン2018 ホワイトオークカスク 8ヶ月 ノンピート,Kanosuke (E1097),Kanosuke (E1097),,,,,,,,59,,,,,,,,2018,,,,,,,,https://www.nomunication.jp/2018/11/02/kanosuke-new-born-is-born/,200ml; TWSC 2019 Best Newcomer,,,Unaged new-make spirit is not whisky (catalog-maintenance.md).
126,out of scope,New Born / New Pot,,"KANOSUKE NEW BORN 2019 (Bourbon Cask, 16 months)",嘉之助 ニューボーン2019 16ヶ月 バーボンカスク,Kanosuke (E1097),Kanosuke (E1097),,,,,,,,57,,,,,,,,2019,,,,,,,,https://en.jpwhisky.net/kanosuke-new-born-2019-2-14421/,200ml; distilled May 2018,,,Unaged new-make spirit is not whisky (catalog-maintenance.md).
127,out of scope,New Born / New Pot,,"KANOSUKE NEW BORN 2020 PEATED (White Oak Cask, 24 months)",嘉之助 ニューボーン2020 ピーテッド,Kanosuke (E1097),Kanosuke (E1097),,,,,,,,58,,,,,,,,2020,,,,,,,,https://en.jpwhisky.net/kanosuke-newborn-2020-peated-2-14724/,200ml; released 2020-09-16,,,Unaged new-make spirit is not whisky (catalog-maintenance.md).
128,out of scope,New Born / New Pot,,KANOSUKE NEW BORN Hand-Fill Bottle 2020,嘉之助 ニューボーンハンドフィルボトル2020,Kanosuke (E1097),Kanosuke (E1097),,,,,,,,,,,,,,,,2020,,,,,,,,https://jwic.jp/distillery/kanosuke/,JWIC only,,,Unaged new-make spirit is not whisky (catalog-maintenance.md).
129,out of scope,New Born / New Pot,,"KANOSUKE Distillery Limited New Born #1 (bourbon cask, 1,006 bottles)",嘉之助 ニューボーン 蒸溜所限定#1,Kanosuke (E1097),Kanosuke (E1097),,,,,,,,48,,,,,,,,2019,,,,,,,,https://www.nomunication.jp/2019/08/23/kanosuke-distillery-launching-single-cask-new-born-series/,200ml; Jul 2018 to Aug 2019,,,Unaged new-make spirit is not whisky (catalog-maintenance.md).
130,out of scope,New Born / New Pot,,KANOSUKE Distillery Limited New Born #2 Wine Cask Finish,嘉之助 ニューボーン 蒸溜所限定#2 ワインカスクフィニッシュ,Kanosuke (E1097),Kanosuke (E1097),,,,,,,,,,,,,,,,2019,,,,,,,,https://jwic.jp/distillery/kanosuke/,,,,Unaged new-make spirit is not whisky (catalog-maintenance.md).
131,out of scope,New Born / New Pot,,"KANOSUKE Distillery Limited New Born #3 White Wine Cask Finish, cask #20083",嘉之助 ニューボーン 蒸溜所限定#3,Kanosuke (E1097),Kanosuke (E1097),,,,,,,,,,,,,,,,2020,,,,,,,,https://www.nomunication.jp/2021/04/27/review-kanosuke-new-born-distillery-limited-3-cask-20083/,,,,Unaged new-make spirit is not whisky (catalog-maintenance.md).
132,out of scope,New Born / New Pot,,"Kanosuke New Born for Claude Whisky (26 months, heavily peated, 500ml)",,Kanosuke (E1097),Kanosuke (E1097),,,,,,,,57,,,,,,,,2021,,,,,,,,https://www.nomunication.jp/2021/03/31/recent-releases-april-2021-jwrc-20th-anniversary-single-casks-ghost-15-kyoto-whisky-and-more/,,,,Unaged new-make spirit is not whisky (catalog-maintenance.md).
133,out of scope,New Born / New Pot,,KANOSUKE NEW POT 2023,嘉之助 NEW POT 2023,Kanosuke (E1097),Kanosuke (E1097),,,,,,,,,,,,,,,,2023,,,,,,,,https://jwic.jp/distillery/kanosuke/,200ml distillery only,,,Unaged new-make spirit is not whisky (catalog-maintenance.md).
134,out of scope,New Born / New Pot,,KANOSUKE NEW POT 2024,嘉之助 NEW POT 2024,Kanosuke (E1097),Kanosuke (E1097),,,,,,,,59,,,,,,,,2024,,,,,,,,https://kanosuke.com/products/newpot2024,200ml distillery only; 2024-04-01,,,Unaged new-make spirit is not whisky (catalog-maintenance.md).
135,out of scope,New Born / New Pot,,KANOSUKE NEW POT 2025,嘉之助 NEW POT 2025,Kanosuke (E1097),Kanosuke (E1097),,,,,,,,59,,,,,,,,2025,,,,,,,,https://kanosuke.com/products/newpot2025,200ml distillery only; 2025-04-01,,,Unaged new-make spirit is not whisky (catalog-maintenance.md).
136,out of scope,New Born / New Pot,,KANOSUKE NEW POT 2026,嘉之助 NEW POT 2026,Kanosuke (E1097),Kanosuke (E1097),,,,,,,,58,,,,,,,,2026,,,,,,,,https://kanosuke.com/products/newpot2026,200ml distillery only; 2026-04-01,,,Unaged new-make spirit is not whisky (catalog-maintenance.md).
137,out of scope,Other,,"Kanosuke Single Malt Highball 350ml can (Lawson, 9%)",,Kanosuke (E1097),Kanosuke (E1097),,,,,,,,9,,,,,,,,2026,,,,,,,,https://en.jpwhisky.net/kanosuke-highball-kanosuke-singlemalt200ml-2-55661/,,,,"Ready-to-drink can, not a whisky bottling."
138,out of scope,Other,,"Mellowed Kozuru Kanosuke Cask Finish 2022-2025 (rice shochu, 41%)",,Kanosuke (E1097),Kanosuke (E1097),,,,,,,,41,,,,,,,,,,,,,,,,https://www.nomunication.jp/2022/07/27/review-mellowed-kozuru-kanosuke-cask-finish-2022/,,,,Shochu finished in Kanosuke casks; not whisky.
139,out of scope,Other,,"Kanosuke hand-fill bottles (festival and Friday hand-fill, 500ml)",,Kanosuke (E1097),Kanosuke (E1097),,,,,,,,,,,,,,,,,,,,,,,,https://kanosuke.com/blogs/news/20260716,,,,Visitor-filled cask samples with no producer title.
140,out of scope,Other,,"Kanosuke Blender's Choice component bottles (Premium Fukubako 2026, Lover's Box Mizunara/Peated/Sherry)",,Kanosuke (E1097),Kanosuke (E1097),,,,,,,,,,,,,,,,2026,,,,,,,,https://kanosuke.com/blogs/news/20260526,,,,Non-sale (非売品) components of boxed sets; no individual titles or ABV.
141,out of scope,Other,,Kanosuke Double Distillery Shimadzu Satsuma Kiriko gift box (2025),,Kanosuke (E1097),Kanosuke (E1097),,,,,blend,,,,,,,,,,,2025,,,,,,,,https://kanosuke.com/blogs/news/shimadzu-satsuma-kiriko,,,,Packaging of the core Double Distillery with a cut-glass tumbler; same Bottle.
142,out of scope,Other,,Saburomaru 'Ryuko ~DOUBLE DISTILLERY~ SABUROMARU x KANOSUKE' (2026),,Saburomaru (E1307),Kanosuke (E1097),,,,,,,,,,,,,,,,2026,,,,,,,,https://kanosuke.com/blogs/news/20260611,,,,Saburomaru-brand counterpart of the collaboration; belongs to the Saburomaru catalog.
